本库标签索引,原始活动标签,中文工作译名,完整任务ID,保留条件,道具ID,道具名,本库子动作ID,原标签出处,流程依据,署名与许可
AS01,Get/replace items from refrigerator/cabinets/drawers,从冰箱、柜子、抽屉取放物品,T23,通用取物 / 归位,cabinet;refrigerator;drawer;sink,厨房储物柜;冰箱;抽屉模型;水槽,,https://action-sense.csail.mit.edu/dataset_info.html#activities,https://proceedings.neurips.cc/paper_files/paper/2022/file/5985e81d65605827ac35401999aea22a-Supplemental-Datasets_and_Benchmarks.pdf#page=9,"DelPreto et al., ActionSense, NeurIPS 2022 / MIT. 中文译名、归并映射与采集拆解由 Dexterity Atlas 编写。 https://creativecommons.org/licenses/by-nc-sa/4.0/"
AS02,Clear cutting board,清理砧板,U55,蔬菜皮、蔬菜片、面包片,cutting_board;chef_knife;pot;pan;cucumber;potato;bread,砧板;厨师刀;深锅 / 食材收集锅;轻质锅具;黄瓜;土豆;面包,,https://action-sense.csail.mit.edu/dataset_info.html#activities,https://proceedings.neurips.cc/paper_files/paper/2022/file/5985e81d65605827ac35401999aea22a-Supplemental-Datasets_and_Benchmarks.pdf#page=9,"DelPreto et al., ActionSense, NeurIPS 2022 / MIT. 中文译名、归并映射与采集拆解由 Dexterity Atlas 编写。 https://creativecommons.org/licenses/by-nc-sa/4.0/"
AS03,Peel a cucumber,给黄瓜去皮,U53,黄瓜,cucumber;peeler;cutting_board,黄瓜;蔬菜削皮器;砧板,U57,https://action-sense.csail.mit.edu/dataset_info.html#activities,https://proceedings.neurips.cc/paper_files/paper/2022/file/5985e81d65605827ac35401999aea22a-Supplemental-Datasets_and_Benchmarks.pdf#page=9,"DelPreto et al., ActionSense, NeurIPS 2022 / MIT. 中文译名、归并映射与采集拆解由 Dexterity Atlas 编写。 https://creativecommons.org/licenses/by-nc-sa/4.0/"
AS04,Slice a cucumber,黄瓜切片,U54,已去皮黄瓜 + 厨师刀,cucumber;chef_knife;cutting_board,黄瓜;厨师刀;砧板,U58,https://action-sense.csail.mit.edu/dataset_info.html#activities,https://proceedings.neurips.cc/paper_files/paper/2022/file/5985e81d65605827ac35401999aea22a-Supplemental-Datasets_and_Benchmarks.pdf#page=9,"DelPreto et al., ActionSense, NeurIPS 2022 / MIT. 中文译名、归并映射与采集拆解由 Dexterity Atlas 编写。 https://creativecommons.org/licenses/by-nc-sa/4.0/"
AS05,Peel a potato,给土豆去皮,U53,土豆,potato;peeler;cutting_board,土豆;蔬菜削皮器;砧板,U57,https://action-sense.csail.mit.edu/dataset_info.html#activities,https://proceedings.neurips.cc/paper_files/paper/2022/file/5985e81d65605827ac35401999aea22a-Supplemental-Datasets_and_Benchmarks.pdf#page=9,"DelPreto et al., ActionSense, NeurIPS 2022 / MIT. 中文译名、归并映射与采集拆解由 Dexterity Atlas 编写。 https://creativecommons.org/licenses/by-nc-sa/4.0/"
AS06,Slice a potato,土豆切片,U54,已去皮土豆 + 厨师刀,potato;chef_knife;cutting_board,土豆;厨师刀;砧板,U58,https://action-sense.csail.mit.edu/dataset_info.html#activities,https://proceedings.neurips.cc/paper_files/paper/2022/file/5985e81d65605827ac35401999aea22a-Supplemental-Datasets_and_Benchmarks.pdf#page=9,"DelPreto et al., ActionSense, NeurIPS 2022 / MIT. 中文译名、归并映射与采集拆解由 Dexterity Atlas 编写。 https://creativecommons.org/licenses/by-nc-sa/4.0/"
AS07,Slice bread,面包切片,U54,小餐包 + 面包刀,bread;bread_knife;cutting_board,面包;面包刀;砧板,U58,https://action-sense.csail.mit.edu/dataset_info.html#activities,https://proceedings.neurips.cc/paper_files/paper/2022/file/5985e81d65605827ac35401999aea22a-Supplemental-Datasets_and_Benchmarks.pdf#page=9,"DelPreto et al., ActionSense, NeurIPS 2022 / MIT. 中文译名、归并映射与采集拆解由 Dexterity Atlas 编写。 https://creativecommons.org/licenses/by-nc-sa/4.0/"
AS08,Spread almond butter on a bread slice,在面包片上涂杏仁酱,U56,杏仁酱；面包手持或桌面支撑,bread;table_knife;almond_butter;jar,面包;餐刀 / 涂抹刀;杏仁酱;广口罐与螺纹盖,U59,https://action-sense.csail.mit.edu/dataset_info.html#activities,https://proceedings.neurips.cc/paper_files/paper/2022/file/5985e81d65605827ac35401999aea22a-Supplemental-Datasets_and_Benchmarks.pdf#page=9,"DelPreto et al., ActionSense, NeurIPS 2022 / MIT. 中文译名、归并映射与采集拆解由 Dexterity Atlas 编写。 https://creativecommons.org/licenses/by-nc-sa/4.0/"
AS09,Spread jelly on a bread slice,在面包片上涂果冻酱,U56,原流程在杏仁酱层上涂果冻酱,bread;table_knife;jelly;jar,面包;餐刀 / 涂抹刀;果冻酱 / 果酱;广口罐与螺纹盖,U59,https://action-sense.csail.mit.edu/dataset_info.html#activities,https://proceedings.neurips.cc/paper_files/paper/2022/file/5985e81d65605827ac35401999aea22a-Supplemental-Datasets_and_Benchmarks.pdf#page=9,"DelPreto et al., ActionSense, NeurIPS 2022 / MIT. 中文译名、归并映射与采集拆解由 Dexterity Atlas 编写。 https://creativecommons.org/licenses/by-nc-sa/4.0/"
AS10,Open/close a jar of almond butter,开合杏仁酱罐,B26,开合循环 3 次；可桌面支撑,jar;almond_butter,广口罐与螺纹盖;杏仁酱,B07;U22;U23,https://action-sense.csail.mit.edu/dataset_info.html#activities,https://proceedings.neurips.cc/paper_files/paper/2022/file/5985e81d65605827ac35401999aea22a-Supplemental-Datasets_and_Benchmarks.pdf#page=9,"DelPreto et al., ActionSense, NeurIPS 2022 / MIT. 中文译名、归并映射与采集拆解由 Dexterity Atlas 编写。 https://creativecommons.org/licenses/by-nc-sa/4.0/"
AS11,Pour water from a pitcher into a glass,把水壶中的水倒进杯子,B14,手持接收杯；依次向 5 杯倒入,pitcher;cup;water,带柄水壶 / 水罐;杯;水,,https://action-sense.csail.mit.edu/dataset_info.html#activities,https://proceedings.neurips.cc/paper_files/paper/2022/file/5985e81d65605827ac35401999aea22a-Supplemental-Datasets_and_Benchmarks.pdf#page=9,"DelPreto et al., ActionSense, NeurIPS 2022 / MIT. 中文译名、归并映射与采集拆解由 Dexterity Atlas 编写。 https://creativecommons.org/licenses/by-nc-sa/4.0/"
AS12,Clean a plate with a sponge,用海绵擦盘子,B27,持盘 + 海绵；模拟干擦,plate;sponge,盘子;海绵 / 软球,B29,https://action-sense.csail.mit.edu/dataset_info.html#activities,https://proceedings.neurips.cc/paper_files/paper/2022/file/5985e81d65605827ac35401999aea22a-Supplemental-Datasets_and_Benchmarks.pdf#page=9,"DelPreto et al., ActionSense, NeurIPS 2022 / MIT. 中文译名、归并映射与采集拆解由 Dexterity Atlas 编写。 https://creativecommons.org/licenses/by-nc-sa/4.0/"
AS13,Clean a plate with a towel,用毛巾擦盘子,B27,持盘 + 毛巾；模拟干擦,plate;cloth,盘子;布片 / 毛巾,B29,https://action-sense.csail.mit.edu/dataset_info.html#activities,https://proceedings.neurips.cc/paper_files/paper/2022/file/5985e81d65605827ac35401999aea22a-Supplemental-Datasets_and_Benchmarks.pdf#page=9,"DelPreto et al., ActionSense, NeurIPS 2022 / MIT. 中文译名、归并映射与采集拆解由 Dexterity Atlas 编写。 https://creativecommons.org/licenses/by-nc-sa/4.0/"
AS14,Clean a pan with a sponge,用海绵擦锅,B28,握锅柄 + 海绵；模拟干擦,pan;sponge,轻质锅具;海绵 / 软球,B29,https://action-sense.csail.mit.edu/dataset_info.html#activities,https://proceedings.neurips.cc/paper_files/paper/2022/file/5985e81d65605827ac35401999aea22a-Supplemental-Datasets_and_Benchmarks.pdf#page=9,"DelPreto et al., ActionSense, NeurIPS 2022 / MIT. 中文译名、归并映射与采集拆解由 Dexterity Atlas 编写。 https://creativecommons.org/licenses/by-nc-sa/4.0/"
AS15,Clean a pan with a towel,用毛巾擦锅,B28,握锅柄 + 毛巾；模拟干擦,pan;cloth,轻质锅具;布片 / 毛巾,B29,https://action-sense.csail.mit.edu/dataset_info.html#activities,https://proceedings.neurips.cc/paper_files/paper/2022/file/5985e81d65605827ac35401999aea22a-Supplemental-Datasets_and_Benchmarks.pdf#page=9,"DelPreto et al., ActionSense, NeurIPS 2022 / MIT. 中文译名、归并映射与采集拆解由 Dexterity Atlas 编写。 https://creativecommons.org/licenses/by-nc-sa/4.0/"
AS16,"Get items from cabinets: 3 each large/small plates, bowls, mugs, glasses, sets of utensils",取出三套餐具,T23,每类 3 件；大盘 / 小盘分开，刀勺叉各 3,cabinet;drawer;plate;bowl;cup;table_knife;spoon;fork,厨房储物柜;抽屉模型;盘子;碗与托盘;杯;餐刀 / 涂抹刀;餐勺;餐叉 / YCB 餐叉,,https://action-sense.csail.mit.edu/dataset_info.html#activities,https://proceedings.neurips.cc/paper_files/paper/2022/file/5985e81d65605827ac35401999aea22a-Supplemental-Datasets_and_Benchmarks.pdf#page=9,"DelPreto et al., ActionSense, NeurIPS 2022 / MIT. 中文译名、归并映射与采集拆解由 Dexterity Atlas 编写。 https://creativecommons.org/licenses/by-nc-sa/4.0/"
AS17,"Set table: 3 each large/small plates, bowls, mugs, glasses, sets of utensils",布置三套餐具,T24,三处用餐位置；每处八种餐具,plate;bowl;cup;table_knife;spoon;fork,盘子;碗与托盘;杯;餐刀 / 涂抹刀;餐勺;餐叉 / YCB 餐叉,,https://action-sense.csail.mit.edu/dataset_info.html#activities,https://proceedings.neurips.cc/paper_files/paper/2022/file/5985e81d65605827ac35401999aea22a-Supplemental-Datasets_and_Benchmarks.pdf#page=9,"DelPreto et al., ActionSense, NeurIPS 2022 / MIT. 中文译名、归并映射与采集拆解由 Dexterity Atlas 编写。 https://creativecommons.org/licenses/by-nc-sa/4.0/"
AS18,"Stack on table: 3 each large/small plates, bowls",在桌上叠放三组盘碗,T25,大盘 / 小盘 / 碗，各 3 件,plate;bowl,盘子;碗与托盘,,https://action-sense.csail.mit.edu/dataset_info.html#activities,https://proceedings.neurips.cc/paper_files/paper/2022/file/5985e81d65605827ac35401999aea22a-Supplemental-Datasets_and_Benchmarks.pdf#page=9,"DelPreto et al., ActionSense, NeurIPS 2022 / MIT. 中文译名、归并映射与采集拆解由 Dexterity Atlas 编写。 https://creativecommons.org/licenses/by-nc-sa/4.0/"
AS19,"Load dishwasher: 3 each large/small plates, bowls, mugs, glasses, sets of utensils",将三套餐具装入洗碗机,T26,三套完整餐具；摆放策略可变,plate;bowl;cup;table_knife;spoon;fork;dishwasher,盘子;碗与托盘;杯;餐刀 / 涂抹刀;餐勺;餐叉 / YCB 餐叉;洗碗机与内部搁架,,https://action-sense.csail.mit.edu/dataset_info.html#activities,https://proceedings.neurips.cc/paper_files/paper/2022/file/5985e81d65605827ac35401999aea22a-Supplemental-Datasets_and_Benchmarks.pdf#page=9,"DelPreto et al., ActionSense, NeurIPS 2022 / MIT. 中文译名、归并映射与采集拆解由 Dexterity Atlas 编写。 https://creativecommons.org/licenses/by-nc-sa/4.0/"
AS20,"Unload dishwasher: 3 each large/small plates, bowls, mugs, glasses, sets of utensils",卸下三套餐具并归位,T27,三套完整餐具；返回原储位,plate;bowl;cup;table_knife;spoon;fork;dishwasher;cabinet;drawer,盘子;碗与托盘;杯;餐刀 / 涂抹刀;餐勺;餐叉 / YCB 餐叉;洗碗机与内部搁架;厨房储物柜;抽屉模型,,https://action-sense.csail.mit.edu/dataset_info.html#activities,https://proceedings.neurips.cc/paper_files/paper/2022/file/5985e81d65605827ac35401999aea22a-Supplemental-Datasets_and_Benchmarks.pdf#page=9,"DelPreto et al., ActionSense, NeurIPS 2022 / MIT. 中文译名、归并映射与采集拆解由 Dexterity Atlas 编写。 https://creativecommons.org/licenses/by-nc-sa/4.0/"
