ID,中文动作,英文动作,类别,来源关系,元动作ID,道具ID,定位,来源,链接,演示范围,说明,成功判据建议
J01,食指屈曲,Index flexion,joint,direct,P01,none,官方动作图 Exercise A1,Electromyography data for non-invasive naturally-controlled robotic hand prostheses,https://ninapro.hevs.ch/instructions/DB1.html,对应原图或官方任务族演示；详见素材说明,前臂保持支撑，食指缓慢屈曲，其余手指尽量保持自然。,目标指完成可见运动；记录相邻手指伴随运动，不强行约束自然联动。
J02,食指伸展,Index extension,joint,direct,P02,none,官方动作图 Exercise A2,Electromyography data for non-invasive naturally-controlled robotic hand prostheses,https://ninapro.hevs.ch/instructions/DB1.html,对应原图或官方任务族演示；详见素材说明,前臂保持支撑，食指缓慢伸展，其余手指尽量保持自然。,目标指完成可见运动；记录相邻手指伴随运动，不强行约束自然联动。
J03,中指屈曲,Middle flexion,joint,direct,P01,none,官方动作图 Exercise A3,Electromyography data for non-invasive naturally-controlled robotic hand prostheses,https://ninapro.hevs.ch/instructions/DB1.html,对应原图或官方任务族演示；详见素材说明,前臂保持支撑，中指缓慢屈曲，其余手指尽量保持自然。,目标指完成可见运动；记录相邻手指伴随运动，不强行约束自然联动。
J04,中指伸展,Middle extension,joint,direct,P02,none,官方动作图 Exercise A4,Electromyography data for non-invasive naturally-controlled robotic hand prostheses,https://ninapro.hevs.ch/instructions/DB1.html,对应原图或官方任务族演示；详见素材说明,前臂保持支撑，中指缓慢伸展，其余手指尽量保持自然。,目标指完成可见运动；记录相邻手指伴随运动，不强行约束自然联动。
J05,无名指屈曲,Ring flexion,joint,direct,P01,none,官方动作图 Exercise A5,Electromyography data for non-invasive naturally-controlled robotic hand prostheses,https://ninapro.hevs.ch/instructions/DB1.html,对应原图或官方任务族演示；详见素材说明,前臂保持支撑，无名指缓慢屈曲，其余手指尽量保持自然。,目标指完成可见运动；记录相邻手指伴随运动，不强行约束自然联动。
J06,无名指伸展,Ring extension,joint,direct,P02,none,官方动作图 Exercise A6,Electromyography data for non-invasive naturally-controlled robotic hand prostheses,https://ninapro.hevs.ch/instructions/DB1.html,对应原图或官方任务族演示；详见素材说明,前臂保持支撑，无名指缓慢伸展，其余手指尽量保持自然。,目标指完成可见运动；记录相邻手指伴随运动，不强行约束自然联动。
J07,小指屈曲,Little flexion,joint,direct,P01,none,官方动作图 Exercise A7,Electromyography data for non-invasive naturally-controlled robotic hand prostheses,https://ninapro.hevs.ch/instructions/DB1.html,对应原图或官方任务族演示；详见素材说明,前臂保持支撑，小指缓慢屈曲，其余手指尽量保持自然。,目标指完成可见运动；记录相邻手指伴随运动，不强行约束自然联动。
J08,小指伸展,Little extension,joint,direct,P02,none,官方动作图 Exercise A8,Electromyography data for non-invasive naturally-controlled robotic hand prostheses,https://ninapro.hevs.ch/instructions/DB1.html,对应原图或官方任务族演示；详见素材说明,前臂保持支撑，小指缓慢伸展，其余手指尽量保持自然。,目标指完成可见运动；记录相邻手指伴随运动，不强行约束自然联动。
J09,拇指内收,Thumb adduction,joint,direct,P03,none,官方动作图 Exercise A9,Electromyography data for non-invasive naturally-controlled robotic hand prostheses,https://ninapro.hevs.ch/instructions/DB1.html,对应原图或官方任务族演示；详见素材说明,以自然张开的手开始，执行拇指内收；掌面与腕姿态保持可观测。,目标方向明确；无明显腕部代偿。
J10,拇指外展,Thumb abduction,joint,direct,P03,none,官方动作图 Exercise A10,Electromyography data for non-invasive naturally-controlled robotic hand prostheses,https://ninapro.hevs.ch/instructions/DB1.html,对应原图或官方任务族演示；详见素材说明,以自然张开的手开始，执行拇指外展；掌面与腕姿态保持可观测。,目标方向明确；无明显腕部代偿。
J11,拇指屈曲,Thumb flexion,joint,direct,P01,none,官方动作图 Exercise A11,Electromyography data for non-invasive naturally-controlled robotic hand prostheses,https://ninapro.hevs.ch/instructions/DB1.html,对应原图或官方任务族演示；详见素材说明,以自然张开的手开始，执行拇指屈曲；掌面与腕姿态保持可观测。,目标方向明确；无明显腕部代偿。
J12,拇指伸展,Thumb extension,joint,direct,P02,none,官方动作图 Exercise A12,Electromyography data for non-invasive naturally-controlled robotic hand prostheses,https://ninapro.hevs.ch/instructions/DB1.html,对应原图或官方任务族演示；详见素材说明,以自然张开的手开始，执行拇指伸展；掌面与腕姿态保持可观测。,目标方向明确；无明显腕部代偿。
J13,竖拇指,Thumb up,joint,direct,P01;P02,none,官方动作图 Exercise B1,Electromyography data for non-invasive naturally-controlled robotic hand prostheses,https://ninapro.hevs.ch/instructions/DB1.html,对应原图或官方任务族演示；详见素材说明,按原图 B1 的起始姿态完成竖拇指，以舒适范围执行。,记录目标运动及可能代偿；B9–B12 是原数据任务提示差异，旋前 / 旋后主要发生在前臂。
J14,食中指伸展，其余屈曲,Index and middle extension,joint,direct,P01;P02,none,官方动作图 Exercise B2,Electromyography data for non-invasive naturally-controlled robotic hand prostheses,https://ninapro.hevs.ch/instructions/DB1.html,对应原图或官方任务族演示；详见素材说明,按原图 B2 的起始姿态完成食中指伸展，其余屈曲，以舒适范围执行。,记录目标运动及可能代偿；B9–B12 是原数据任务提示差异，旋前 / 旋后主要发生在前臂。
J15,无名指与小指屈曲,Ring and little flexion,joint,direct,P01;P02,none,官方动作图 Exercise B3,Electromyography data for non-invasive naturally-controlled robotic hand prostheses,https://ninapro.hevs.ch/instructions/DB1.html,对应原图或官方任务族演示；详见素材说明,按原图 B3 的起始姿态完成无名指与小指屈曲，以舒适范围执行。,记录目标运动及可能代偿；B9–B12 是原数据任务提示差异，旋前 / 旋后主要发生在前臂。
J16,拇指对向小指根部,Thumb opposing little-finger base,joint,direct,P04,none,官方动作图 Exercise B4,Electromyography data for non-invasive naturally-controlled robotic hand prostheses,https://ninapro.hevs.ch/instructions/DB1.html,对应原图或官方任务族演示；详见素材说明,按原图 B4 的起始姿态完成拇指对向小指根部，以舒适范围执行。,记录目标运动及可能代偿；B9–B12 是原数据任务提示差异，旋前 / 旋后主要发生在前臂。
J17,五指张开,Abduction of all fingers,joint,direct,P03,none,官方动作图 Exercise B5,Electromyography data for non-invasive naturally-controlled robotic hand prostheses,https://ninapro.hevs.ch/instructions/DB1.html,对应原图或官方任务族演示；详见素材说明,按原图 B5 的起始姿态完成五指张开，以舒适范围执行。,记录目标运动及可能代偿；B9–B12 是原数据任务提示差异，旋前 / 旋后主要发生在前臂。
J18,握拳,Fingers flexed together in fist,joint,direct,P01;P04,none,官方动作图 Exercise B6,Electromyography data for non-invasive naturally-controlled robotic hand prostheses,https://ninapro.hevs.ch/instructions/DB1.html,对应原图或官方任务族演示；详见素材说明,按原图 B6 的起始姿态完成握拳，以舒适范围执行。,记录目标运动及可能代偿；B9–B12 是原数据任务提示差异，旋前 / 旋后主要发生在前臂。
J19,食指指向,Pointing index,joint,direct,P01;P02,none,官方动作图 Exercise B7,Electromyography data for non-invasive naturally-controlled robotic hand prostheses,https://ninapro.hevs.ch/instructions/DB1.html,对应原图或官方任务族演示；详见素材说明,按原图 B7 的起始姿态完成食指指向，以舒适范围执行。,记录目标运动及可能代偿；B9–B12 是原数据任务提示差异，旋前 / 旋后主要发生在前臂。
J20,伸直手指并拢,Adduction of extended fingers,joint,direct,P03,none,官方动作图 Exercise B8,Electromyography data for non-invasive naturally-controlled robotic hand prostheses,https://ninapro.hevs.ch/instructions/DB1.html,对应原图或官方任务族演示；详见素材说明,按原图 B8 的起始姿态完成伸直手指并拢，以舒适范围执行。,记录目标运动及可能代偿；B9–B12 是原数据任务提示差异，旋前 / 旋后主要发生在前臂。
J21,前臂旋后：中指轴提示,"Supination, middle-finger axis",joint,direct,P07,none,官方动作图 Exercise B9,Electromyography data for non-invasive naturally-controlled robotic hand prostheses,https://ninapro.hevs.ch/instructions/DB1.html,对应原图或官方任务族演示；详见素材说明,按原图 B9 的起始姿态完成前臂旋后：中指轴提示，以舒适范围执行。,记录目标运动及可能代偿；B9–B12 是原数据任务提示差异，旋前 / 旋后主要发生在前臂。
J22,前臂旋前：中指轴提示,"Pronation, middle-finger axis",joint,direct,P07,none,官方动作图 Exercise B10,Electromyography data for non-invasive naturally-controlled robotic hand prostheses,https://ninapro.hevs.ch/instructions/DB1.html,对应原图或官方任务族演示；详见素材说明,按原图 B10 的起始姿态完成前臂旋前：中指轴提示，以舒适范围执行。,记录目标运动及可能代偿；B9–B12 是原数据任务提示差异，旋前 / 旋后主要发生在前臂。
J23,前臂旋后：小指轴提示,"Supination, little-finger axis",joint,direct,P07,none,官方动作图 Exercise B11,Electromyography data for non-invasive naturally-controlled robotic hand prostheses,https://ninapro.hevs.ch/instructions/DB1.html,对应原图或官方任务族演示；详见素材说明,按原图 B11 的起始姿态完成前臂旋后：小指轴提示，以舒适范围执行。,记录目标运动及可能代偿；B9–B12 是原数据任务提示差异，旋前 / 旋后主要发生在前臂。
J24,前臂旋前：小指轴提示,"Pronation, little-finger axis",joint,direct,P07,none,官方动作图 Exercise B12,Electromyography data for non-invasive naturally-controlled robotic hand prostheses,https://ninapro.hevs.ch/instructions/DB1.html,对应原图或官方任务族演示；详见素材说明,按原图 B12 的起始姿态完成前臂旋前：小指轴提示，以舒适范围执行。,记录目标运动及可能代偿；B9–B12 是原数据任务提示差异，旋前 / 旋后主要发生在前臂。
J25,腕掌屈,Wrist flexion,joint,direct,P05,none,官方动作图 Exercise B13,Electromyography data for non-invasive naturally-controlled robotic hand prostheses,https://ninapro.hevs.ch/instructions/DB1.html,对应原图或官方任务族演示；详见素材说明,按原图 B13 的起始姿态完成腕掌屈，以舒适范围执行。,记录目标运动及可能代偿；B9–B12 是原数据任务提示差异，旋前 / 旋后主要发生在前臂。
J26,腕背伸,Wrist extension,joint,direct,P05,none,官方动作图 Exercise B14,Electromyography data for non-invasive naturally-controlled robotic hand prostheses,https://ninapro.hevs.ch/instructions/DB1.html,对应原图或官方任务族演示；详见素材说明,按原图 B14 的起始姿态完成腕背伸，以舒适范围执行。,记录目标运动及可能代偿；B9–B12 是原数据任务提示差异，旋前 / 旋后主要发生在前臂。
J27,腕桡偏,Wrist radial deviation,joint,direct,P06,none,官方动作图 Exercise B15,Electromyography data for non-invasive naturally-controlled robotic hand prostheses,https://ninapro.hevs.ch/instructions/DB1.html,对应原图或官方任务族演示；详见素材说明,按原图 B15 的起始姿态完成腕桡偏，以舒适范围执行。,记录目标运动及可能代偿；B9–B12 是原数据任务提示差异，旋前 / 旋后主要发生在前臂。
J28,腕尺偏,Wrist ulnar deviation,joint,direct,P06,none,官方动作图 Exercise B16,Electromyography data for non-invasive naturally-controlled robotic hand prostheses,https://ninapro.hevs.ch/instructions/DB1.html,对应原图或官方任务族演示；详见素材说明,按原图 B16 的起始姿态完成腕尺偏，以舒适范围执行。,记录目标运动及可能代偿；B9–B12 是原数据任务提示差异，旋前 / 旋后主要发生在前臂。
J29,握拳位腕背伸,Wrist extension with closed hand,joint,direct,P01;P05,none,官方动作图 Exercise B17,Electromyography data for non-invasive naturally-controlled robotic hand prostheses,https://ninapro.hevs.ch/instructions/DB1.html,对应原图或官方任务族演示；详见素材说明,按原图 B17 的起始姿态完成握拳位腕背伸，以舒适范围执行。,记录目标运动及可能代偿；B9–B12 是原数据任务提示差异，旋前 / 旋后主要发生在前臂。
J30,自然静息,Rest,joint,direct,P02,none,DB1: rest position,Electromyography data for non-invasive naturally-controlled robotic hand prostheses,https://ninapro.hevs.ch/instructions/DB1.html,对应原图或官方任务族演示；详见素材说明,手自然放松，记录静息片段。,稳定记录背景信号；不把低幅噪声直接标为动作。
G01,大直径包络抓,Large Diameter,grasp,direct,P14;P10,cylinder,"GRASP #1 · Figure 4, p.70",The GRASP Taxonomy of Human Grasp Types,https://www.eng.yale.edu/grablab/pubs/Feix_THMS2016.pdf,对应原图或官方任务族演示；详见素材说明,依据 GRASP #1 的接触部位与拇指位置摆放物体，保持稳定。中文为本库工作译名；判别以英文名和原图为准。,接触手指、指腹 / 侧面 / 掌面以及拇指位置与原图一致；持握阶段物体相对手保持稳定。
G02,小直径包络抓,Small Diameter,grasp,direct,P14;P10,cylinder,"GRASP #2 · Figure 4, p.70",The GRASP Taxonomy of Human Grasp Types,https://www.eng.yale.edu/grablab/pubs/Feix_THMS2016.pdf,对应原图或官方任务族演示；详见素材说明,依据 GRASP #2 的接触部位与拇指位置摆放物体，保持稳定。中文为本库工作译名；判别以英文名和原图为准。,接触手指、指腹 / 侧面 / 掌面以及拇指位置与原图一致；持握阶段物体相对手保持稳定。
G03,中等包络抓,Medium Wrap,grasp,direct,P14;P10,bottle,"GRASP #3 · Figure 4, p.70",The GRASP Taxonomy of Human Grasp Types,https://www.eng.yale.edu/grablab/pubs/Feix_THMS2016.pdf,对应原图或官方任务族演示；详见素材说明,依据 GRASP #3 的接触部位与拇指位置摆放物体，保持稳定。中文为本库工作译名；判别以英文名和原图为准。,接触手指、指腹 / 侧面 / 掌面以及拇指位置与原图一致；持握阶段物体相对手保持稳定。
G04,拇指内收抓,Adducted Thumb,grasp,direct,P14;P10,cylinder,"GRASP #4 · Figure 4, p.70",The GRASP Taxonomy of Human Grasp Types,https://www.eng.yale.edu/grablab/pubs/Feix_THMS2016.pdf,对应原图或官方任务族演示；详见素材说明,依据 GRASP #4 的接触部位与拇指位置摆放物体，保持稳定。中文为本库工作译名；判别以英文名和原图为准。,接触手指、指腹 / 侧面 / 掌面以及拇指位置与原图一致；持握阶段物体相对手保持稳定。
G05,轻工具抓,Light Tool,grasp,direct,P10;P10,pen,"GRASP #5 · Figure 4, p.70",The GRASP Taxonomy of Human Grasp Types,https://www.eng.yale.edu/grablab/pubs/Feix_THMS2016.pdf,对应原图或官方任务族演示；详见素材说明,依据 GRASP #5 的接触部位与拇指位置摆放物体，保持稳定。中文为本库工作译名；判别以英文名和原图为准。,接触手指、指腹 / 侧面 / 掌面以及拇指位置与原图一致；持握阶段物体相对手保持稳定。
G06,四指棱柱抓,Prismatic 4 Finger,grasp,direct,P11;P10,prism,"GRASP #6 · Figure 4, p.70",The GRASP Taxonomy of Human Grasp Types,https://www.eng.yale.edu/grablab/pubs/Feix_THMS2016.pdf,对应原图或官方任务族演示；详见素材说明,依据 GRASP #6 的接触部位与拇指位置摆放物体，保持稳定。中文为本库工作译名；判别以英文名和原图为准。,接触手指、指腹 / 侧面 / 掌面以及拇指位置与原图一致；持握阶段物体相对手保持稳定。
G07,三指棱柱抓,Prismatic 3 Finger,grasp,direct,P11;P10,prism,"GRASP #7 · Figure 4, p.70",The GRASP Taxonomy of Human Grasp Types,https://www.eng.yale.edu/grablab/pubs/Feix_THMS2016.pdf,对应原图或官方任务族演示；详见素材说明,依据 GRASP #7 的接触部位与拇指位置摆放物体，保持稳定。中文为本库工作译名；判别以英文名和原图为准。,接触手指、指腹 / 侧面 / 掌面以及拇指位置与原图一致；持握阶段物体相对手保持稳定。
G08,二指棱柱抓,Prismatic 2 Finger,grasp,direct,P11;P10,prism,"GRASP #8 · Figure 4, p.70",The GRASP Taxonomy of Human Grasp Types,https://www.eng.yale.edu/grablab/pubs/Feix_THMS2016.pdf,对应原图或官方任务族演示；详见素材说明,依据 GRASP #8 的接触部位与拇指位置摆放物体，保持稳定。中文为本库工作译名；判别以英文名和原图为准。,接触手指、指腹 / 侧面 / 掌面以及拇指位置与原图一致；持握阶段物体相对手保持稳定。
G09,掌侧指腹捏,Palmar Pinch,grasp,direct,P11;P10,coin,"GRASP #9 · Figure 4, p.70",The GRASP Taxonomy of Human Grasp Types,https://www.eng.yale.edu/grablab/pubs/Feix_THMS2016.pdf,对应原图或官方任务族演示；详见素材说明,依据 GRASP #9 的接触部位与拇指位置摆放物体，保持稳定。中文为本库工作译名；判别以英文名和原图为准。,接触手指、指腹 / 侧面 / 掌面以及拇指位置与原图一致；持握阶段物体相对手保持稳定。
G10,力量圆盘抓,Power Disk,grasp,direct,P14;P10,disk,"GRASP #10 · Figure 4, p.70",The GRASP Taxonomy of Human Grasp Types,https://www.eng.yale.edu/grablab/pubs/Feix_THMS2016.pdf,对应原图或官方任务族演示；详见素材说明,依据 GRASP #10 的接触部位与拇指位置摆放物体，保持稳定。中文为本库工作译名；判别以英文名和原图为准。,接触手指、指腹 / 侧面 / 掌面以及拇指位置与原图一致；持握阶段物体相对手保持稳定。
G11,力量球抓,Power Sphere,grasp,direct,P14;P10,sphere,"GRASP #11 · Figure 4, p.70",The GRASP Taxonomy of Human Grasp Types,https://www.eng.yale.edu/grablab/pubs/Feix_THMS2016.pdf,对应原图或官方任务族演示；详见素材说明,依据 GRASP #11 的接触部位与拇指位置摆放物体，保持稳定。中文为本库工作译名；判别以英文名和原图为准。,接触手指、指腹 / 侧面 / 掌面以及拇指位置与原图一致；持握阶段物体相对手保持稳定。
G12,精密圆盘抓,Precision Disk,grasp,direct,P11;P10,disk,"GRASP #12 · Figure 4, p.70",The GRASP Taxonomy of Human Grasp Types,https://www.eng.yale.edu/grablab/pubs/Feix_THMS2016.pdf,对应原图或官方任务族演示；详见素材说明,依据 GRASP #12 的接触部位与拇指位置摆放物体，保持稳定。中文为本库工作译名；判别以英文名和原图为准。,接触手指、指腹 / 侧面 / 掌面以及拇指位置与原图一致；持握阶段物体相对手保持稳定。
G13,精密球抓,Precision Sphere,grasp,direct,P11;P10,sphere,"GRASP #13 · Figure 4, p.70",The GRASP Taxonomy of Human Grasp Types,https://www.eng.yale.edu/grablab/pubs/Feix_THMS2016.pdf,对应原图或官方任务族演示；详见素材说明,依据 GRASP #13 的接触部位与拇指位置摆放物体，保持稳定。中文为本库工作译名；判别以英文名和原图为准。,接触手指、指腹 / 侧面 / 掌面以及拇指位置与原图一致；持握阶段物体相对手保持稳定。
G14,三脚架抓,Tripod,grasp,direct,P11;P10,sphere,"GRASP #14 · Figure 4, p.70",The GRASP Taxonomy of Human Grasp Types,https://www.eng.yale.edu/grablab/pubs/Feix_THMS2016.pdf,对应原图或官方任务族演示；详见素材说明,依据 GRASP #14 的接触部位与拇指位置摆放物体，保持稳定。中文为本库工作译名；判别以英文名和原图为准。,接触手指、指腹 / 侧面 / 掌面以及拇指位置与原图一致；持握阶段物体相对手保持稳定。
G15,固定钩抓,Fixed Hook,grasp,direct,P10;P10,handle,"GRASP #15 · Figure 4, p.70",The GRASP Taxonomy of Human Grasp Types,https://www.eng.yale.edu/grablab/pubs/Feix_THMS2016.pdf,对应原图或官方任务族演示；详见素材说明,依据 GRASP #15 的接触部位与拇指位置摆放物体，保持稳定。中文为本库工作译名；判别以英文名和原图为准。,接触手指、指腹 / 侧面 / 掌面以及拇指位置与原图一致；持握阶段物体相对手保持稳定。
G16,侧向抓,Lateral,grasp,direct,P13;P10,card,"GRASP #16 · Figure 4, p.70",The GRASP Taxonomy of Human Grasp Types,https://www.eng.yale.edu/grablab/pubs/Feix_THMS2016.pdf,对应原图或官方任务族演示；详见素材说明,依据 GRASP #16 的接触部位与拇指位置摆放物体，保持稳定。中文为本库工作译名；判别以英文名和原图为准。,接触手指、指腹 / 侧面 / 掌面以及拇指位置与原图一致；持握阶段物体相对手保持稳定。
G17,食指伸展抓,Index Finger Extension,grasp,direct,P10;P10,knife,"GRASP #17 · Figure 4, p.70",The GRASP Taxonomy of Human Grasp Types,https://www.eng.yale.edu/grablab/pubs/Feix_THMS2016.pdf,对应原图或官方任务族演示；详见素材说明,依据 GRASP #17 的接触部位与拇指位置摆放物体，保持稳定。中文为本库工作译名；判别以英文名和原图为准。,接触手指、指腹 / 侧面 / 掌面以及拇指位置与原图一致；持握阶段物体相对手保持稳定。
G18,伸展型抓,Extension Type,grasp,direct,P10;P10,disk,"GRASP #18 · Figure 4, p.70",The GRASP Taxonomy of Human Grasp Types,https://www.eng.yale.edu/grablab/pubs/Feix_THMS2016.pdf,对应原图或官方任务族演示；详见素材说明,依据 GRASP #18 的接触部位与拇指位置摆放物体，保持稳定。中文为本库工作译名；判别以英文名和原图为准。,接触手指、指腹 / 侧面 / 掌面以及拇指位置与原图一致；持握阶段物体相对手保持稳定。
G19,远端型抓,Distal Type,grasp,direct,P10;P10,scissors,"GRASP #19 · Figure 4, p.70",The GRASP Taxonomy of Human Grasp Types,https://www.eng.yale.edu/grablab/pubs/Feix_THMS2016.pdf,对应原图或官方任务族演示；详见素材说明,依据 GRASP #19 的接触部位与拇指位置摆放物体，保持稳定。中文为本库工作译名；判别以英文名和原图为准。,接触手指、指腹 / 侧面 / 掌面以及拇指位置与原图一致；持握阶段物体相对手保持稳定。
G20,书写三脚架抓,Writing Tripod,grasp,direct,P11;P10,pen,"GRASP #20 · Figure 4, p.70",The GRASP Taxonomy of Human Grasp Types,https://www.eng.yale.edu/grablab/pubs/Feix_THMS2016.pdf,对应原图或官方任务族演示；详见素材说明,依据 GRASP #20 的接触部位与拇指位置摆放物体，保持稳定。中文为本库工作译名；判别以英文名和原图为准。,接触手指、指腹 / 侧面 / 掌面以及拇指位置与原图一致；持握阶段物体相对手保持稳定。
G21,三脚架变式,Tripod Variation,grasp,direct,P11;P10,pen,"GRASP #21 · Figure 4, p.70",The GRASP Taxonomy of Human Grasp Types,https://www.eng.yale.edu/grablab/pubs/Feix_THMS2016.pdf,对应原图或官方任务族演示；详见素材说明,依据 GRASP #21 的接触部位与拇指位置摆放物体，保持稳定。中文为本库工作译名；判别以英文名和原图为准。,接触手指、指腹 / 侧面 / 掌面以及拇指位置与原图一致；持握阶段物体相对手保持稳定。
G22,平行伸展抓,Parallel Extension,grasp,direct,P11;P10,card,"GRASP #22 · Figure 4, p.70",The GRASP Taxonomy of Human Grasp Types,https://www.eng.yale.edu/grablab/pubs/Feix_THMS2016.pdf,对应原图或官方任务族演示；详见素材说明,依据 GRASP #22 的接触部位与拇指位置摆放物体，保持稳定。中文为本库工作译名；判别以英文名和原图为准。,接触手指、指腹 / 侧面 / 掌面以及拇指位置与原图一致；持握阶段物体相对手保持稳定。
G23,指间内收夹,Adduction Grip,grasp,direct,P03;P10,card,"GRASP #23 · Figure 4, p.70",The GRASP Taxonomy of Human Grasp Types,https://www.eng.yale.edu/grablab/pubs/Feix_THMS2016.pdf,对应原图或官方任务族演示；详见素材说明,依据 GRASP #23 的接触部位与拇指位置摆放物体，保持稳定。中文为本库工作译名；判别以英文名和原图为准。,接触手指、指腹 / 侧面 / 掌面以及拇指位置与原图一致；持握阶段物体相对手保持稳定。
G24,指尖捏,Tip Pinch,grasp,direct,P12;P10,coin,"GRASP #24 · Figure 4, p.70",The GRASP Taxonomy of Human Grasp Types,https://www.eng.yale.edu/grablab/pubs/Feix_THMS2016.pdf,对应原图或官方任务族演示；详见素材说明,依据 GRASP #24 的接触部位与拇指位置摆放物体，保持稳定。中文为本库工作译名；判别以英文名和原图为准。,接触手指、指腹 / 侧面 / 掌面以及拇指位置与原图一致；持握阶段物体相对手保持稳定。
G25,侧向三脚架抓,Lateral Tripod,grasp,direct,P13;P10,pen,"GRASP #25 · Figure 4, p.70",The GRASP Taxonomy of Human Grasp Types,https://www.eng.yale.edu/grablab/pubs/Feix_THMS2016.pdf,对应原图或官方任务族演示；详见素材说明,依据 GRASP #25 的接触部位与拇指位置摆放物体，保持稳定。中文为本库工作译名；判别以英文名和原图为准。,接触手指、指腹 / 侧面 / 掌面以及拇指位置与原图一致；持握阶段物体相对手保持稳定。
G26,四指球抓,Sphere 4 Finger,grasp,direct,P11;P10,sphere,"GRASP #26 · Figure 4, p.70",The GRASP Taxonomy of Human Grasp Types,https://www.eng.yale.edu/grablab/pubs/Feix_THMS2016.pdf,对应原图或官方任务族演示；详见素材说明,依据 GRASP #26 的接触部位与拇指位置摆放物体，保持稳定。中文为本库工作译名；判别以英文名和原图为准。,接触手指、指腹 / 侧面 / 掌面以及拇指位置与原图一致；持握阶段物体相对手保持稳定。
G27,四脚架抓,Quadpod,grasp,direct,P11;P10,sphere,"GRASP #27 · Figure 4, p.70",The GRASP Taxonomy of Human Grasp Types,https://www.eng.yale.edu/grablab/pubs/Feix_THMS2016.pdf,对应原图或官方任务族演示；详见素材说明,依据 GRASP #27 的接触部位与拇指位置摆放物体，保持稳定。中文为本库工作译名；判别以英文名和原图为准。,接触手指、指腹 / 侧面 / 掌面以及拇指位置与原图一致；持握阶段物体相对手保持稳定。
G28,三指球抓,Sphere 3 Finger,grasp,direct,P11;P10,sphere,"GRASP #28 · Figure 4, p.70",The GRASP Taxonomy of Human Grasp Types,https://www.eng.yale.edu/grablab/pubs/Feix_THMS2016.pdf,对应原图或官方任务族演示；详见素材说明,依据 GRASP #28 的接触部位与拇指位置摆放物体，保持稳定。中文为本库工作译名；判别以英文名和原图为准。,接触手指、指腹 / 侧面 / 掌面以及拇指位置与原图一致；持握阶段物体相对手保持稳定。
G29,杆状抓,Stick,grasp,direct,P14;P10,screw,"GRASP #29 · Figure 4, p.70",The GRASP Taxonomy of Human Grasp Types,https://www.eng.yale.edu/grablab/pubs/Feix_THMS2016.pdf,对应原图或官方任务族演示；详见素材说明,依据 GRASP #29 的接触部位与拇指位置摆放物体，保持稳定。中文为本库工作译名；判别以英文名和原图为准。,接触手指、指腹 / 侧面 / 掌面以及拇指位置与原图一致；持握阶段物体相对手保持稳定。
G30,掌面抓,Palmar,grasp,direct,P14;P10,disk,"GRASP #30 · Figure 4, p.70",The GRASP Taxonomy of Human Grasp Types,https://www.eng.yale.edu/grablab/pubs/Feix_THMS2016.pdf,对应原图或官方任务族演示；详见素材说明,依据 GRASP #30 的接触部位与拇指位置摆放物体，保持稳定。中文为本库工作译名；判别以英文名和原图为准。,接触手指、指腹 / 侧面 / 掌面以及拇指位置与原图一致；持握阶段物体相对手保持稳定。
G31,环形抓,Ring,grasp,direct,P10;P10,cylinder,"GRASP #31 · Figure 4, p.70",The GRASP Taxonomy of Human Grasp Types,https://www.eng.yale.edu/grablab/pubs/Feix_THMS2016.pdf,对应原图或官方任务族演示；详见素材说明,依据 GRASP #31 的接触部位与拇指位置摆放物体，保持稳定。中文为本库工作译名；判别以英文名和原图为准。,接触手指、指腹 / 侧面 / 掌面以及拇指位置与原图一致；持握阶段物体相对手保持稳定。
G32,腹侧抓,Ventral,grasp,direct,P11;P10,pen,"GRASP #32 · Figure 4, p.70",The GRASP Taxonomy of Human Grasp Types,https://www.eng.yale.edu/grablab/pubs/Feix_THMS2016.pdf,对应原图或官方任务族演示；详见素材说明,依据 GRASP #32 的接触部位与拇指位置摆放物体，保持稳定。中文为本库工作译名；判别以英文名和原图为准。,接触手指、指腹 / 侧面 / 掌面以及拇指位置与原图一致；持握阶段物体相对手保持稳定。
G33,下位钳捏,Inferior Pincer,grasp,direct,P12;P10,coin,"GRASP #33 · Figure 4, p.70",The GRASP Taxonomy of Human Grasp Types,https://www.eng.yale.edu/grablab/pubs/Feix_THMS2016.pdf,对应原图或官方任务族演示；详见素材说明,依据 GRASP #33 的接触部位与拇指位置摆放物体，保持稳定。中文为本库工作译名；判别以英文名和原图为准。,接触手指、指腹 / 侧面 / 掌面以及拇指位置与原图一致；持握阶段物体相对手保持稳定。
I01,指尖持续绕轴旋转,Continuous in-hand rotation,inhand,direct,P10;P18;P20,cylinder,项目页：Rotate Different Objects using the Fingertips,In-Hand Object Rotation via Rapid Motor Adaptation,https://haozhi.io/hora/,对应原图或官方任务族演示；详见素材说明,在已有稳定抓握中交替换指，让物体持续绕轴转动。,统计有效旋转角 / 时间与掉落率；不使用单一目标姿态作为主要指标。
I02,旋转到指定朝向,Goal-conditioned reorientation,inhand,direct,P10;P18;P19;P20,cube,项目页：Real-World Deployment / Cube,ViserDex: Visual Sim-to-Real for Robust Dexterous In-hand Reorientation,https://rffr.leggedrobotics.com/works/viserdex/,对应原图或官方任务族演示；详见素材说明,稳定持物，给定目标朝向，通过手指调整到目标并保持。,记录最小 SO(3) 朝向误差与保持时间；必须同时检查没有掉落。
I03,掌系完整 6D 位姿到达,Palm-relative 6D pose reaching,inhand,direct,P10;P17;P18;P19,cube,摘要：palm-relative target pose,Learning In-Hand Object Reaching to General 6D Poses,https://arxiv.org/abs/2609.13761,对比参考：视频仅示朝向重定向，不演示完整 6D 目标,在手掌相对坐标系内同时指定物体的位置和朝向。,位置误差与旋转误差分别达标，并维持抓握；阈值由采集协议设定。
I04,指尖到掌心转移,Finger-to-palm translation,inhand,adapted,P30;P10,coin,IHM 摘要分类；道具与执行方式为采集设计,Conceptualising a modified system for classification of in-hand manipulation;Classifying Human Manipulation Behavior,https://pubmed.ncbi.nlm.nih.gov/20854484/;https://www.eng.yale.edu/grablab/pubs/bullock_icorr2011.pdf,项目总览参考，未定位该动作片段,用代币 / 硬币执行该类手内位移，保持前臂稳定。,依据掌系物体轨迹判断，单纯移动腕或手臂不算手内操作。
I05,掌心到指尖转移,Palm-to-finger translation,inhand,adapted,P30;P10,coin,IHM 摘要分类；道具与执行方式为采集设计,Conceptualising a modified system for classification of in-hand manipulation;Classifying Human Manipulation Behavior,https://pubmed.ncbi.nlm.nih.gov/20854484/;https://www.eng.yale.edu/grablab/pubs/bullock_icorr2011.pdf,项目总览参考，未定位该动作片段,用代币 / 硬币执行该类手内位移，保持前臂稳定。,依据掌系物体轨迹判断，单纯移动腕或手臂不算手内操作。
I06,笔沿指腹小幅移位,Simple shift,inhand,adapted,P17;P10,pen,IHM 摘要分类；道具与执行方式为采集设计,Conceptualising a modified system for classification of in-hand manipulation;Classifying Human Manipulation Behavior,https://pubmed.ncbi.nlm.nih.gov/20854484/;https://www.eng.yale.edu/grablab/pubs/bullock_icorr2011.pdf,项目总览参考，未定位该动作片段,用笔与笔帽执行该类手内位移，保持前臂稳定。,依据掌系物体轨迹判断，单纯移动腕或手臂不算手内操作。
I07,多指配合复杂移位,Complex shift,inhand,adapted,P17;P20;P10,pen,IHM 摘要分类；道具与执行方式为采集设计,Conceptualising a modified system for classification of in-hand manipulation;Classifying Human Manipulation Behavior,https://pubmed.ncbi.nlm.nih.gov/20854484/;https://www.eng.yale.edu/grablab/pubs/bullock_icorr2011.pdf,项目总览参考，未定位该动作片段,用笔与笔帽执行该类手内位移，保持前臂稳定。,依据掌系物体轨迹判断，单纯移动腕或手臂不算手内操作。
I08,指间简单旋转,Simple rotation,inhand,adapted,P18;P10,coin,IHM 摘要分类；道具与执行方式为采集设计,Conceptualising a modified system for classification of in-hand manipulation;Classifying Human Manipulation Behavior,https://pubmed.ncbi.nlm.nih.gov/20854484/;https://www.eng.yale.edu/grablab/pubs/bullock_icorr2011.pdf,项目总览参考，未定位该动作片段,用代币 / 硬币执行该类手内位移，保持前臂稳定。,依据掌系物体轨迹判断，单纯移动腕或手臂不算手内操作。
I09,指间复杂旋转,Complex rotation,inhand,adapted,P18;P20;P10,pen,IHM 摘要分类；道具与执行方式为采集设计,Conceptualising a modified system for classification of in-hand manipulation;Classifying Human Manipulation Behavior,https://pubmed.ncbi.nlm.nih.gov/20854484/;https://www.eng.yale.edu/grablab/pubs/bullock_icorr2011.pdf,项目总览参考，未定位该动作片段,用笔与笔帽执行该类手内位移，保持前臂稳定。,依据掌系物体轨迹判断，单纯移动腕或手臂不算手内操作。
I10,掌系 X 方向平移,Translation X,inhand,extension,P10;P17,cube,本库扩展；原文支持任务族 / 元动作，未声称为原论文独立任务,Learning In-Hand Object Reaching to General 6D Poses;Classifying Human Manipulation Behavior,https://arxiv.org/abs/2609.13761;https://www.eng.yale.edu/grablab/pubs/bullock_icorr2011.pdf,同类参考；尚无该扩展动作的逐项演示,掌系 X 方向平移。固定手掌参考系，显式记录初始物体位姿和目标 / 路径。,运动主要来自手指；记录接触切换、轨迹误差与掉落。建议目标保持 1 s；这是本库默认值。
I11,掌系 Y 方向平移,Translation Y,inhand,extension,P10;P17,cube,本库扩展；原文支持任务族 / 元动作，未声称为原论文独立任务,Learning In-Hand Object Reaching to General 6D Poses;Classifying Human Manipulation Behavior,https://arxiv.org/abs/2609.13761;https://www.eng.yale.edu/grablab/pubs/bullock_icorr2011.pdf,同类参考；尚无该扩展动作的逐项演示,掌系 Y 方向平移。固定手掌参考系，显式记录初始物体位姿和目标 / 路径。,运动主要来自手指；记录接触切换、轨迹误差与掉落。建议目标保持 1 s；这是本库默认值。
I12,掌系 Z 方向平移,Translation Z,inhand,extension,P10;P17,cube,本库扩展；原文支持任务族 / 元动作，未声称为原论文独立任务,Learning In-Hand Object Reaching to General 6D Poses;Classifying Human Manipulation Behavior,https://arxiv.org/abs/2609.13761;https://www.eng.yale.edu/grablab/pubs/bullock_icorr2011.pdf,同类参考；尚无该扩展动作的逐项演示,掌系 Z 方向平移。固定手掌参考系，显式记录初始物体位姿和目标 / 路径。,运动主要来自手指；记录接触切换、轨迹误差与掉落。建议目标保持 1 s；这是本库默认值。
I13,绕掌系 X 轴定向旋转,Rotation X,inhand,extension,P10;P18;P19,cube,本库扩展；原文支持任务族 / 元动作，未声称为原论文独立任务,ViserDex: Visual Sim-to-Real for Robust Dexterous In-hand Reorientation;Classifying Human Manipulation Behavior,https://rffr.leggedrobotics.com/works/viserdex/;https://www.eng.yale.edu/grablab/pubs/bullock_icorr2011.pdf,同类参考；尚无该扩展动作的逐项演示,绕掌系 X 轴定向旋转。固定手掌参考系，显式记录初始物体位姿和目标 / 路径。,运动主要来自手指；记录接触切换、轨迹误差与掉落。建议目标保持 1 s；这是本库默认值。
I14,绕掌系 Y 轴定向旋转,Rotation Y,inhand,extension,P10;P18;P19,cube,本库扩展；原文支持任务族 / 元动作，未声称为原论文独立任务,ViserDex: Visual Sim-to-Real for Robust Dexterous In-hand Reorientation;Classifying Human Manipulation Behavior,https://rffr.leggedrobotics.com/works/viserdex/;https://www.eng.yale.edu/grablab/pubs/bullock_icorr2011.pdf,同类参考；尚无该扩展动作的逐项演示,绕掌系 Y 轴定向旋转。固定手掌参考系，显式记录初始物体位姿和目标 / 路径。,运动主要来自手指；记录接触切换、轨迹误差与掉落。建议目标保持 1 s；这是本库默认值。
I15,绕掌系 Z 轴定向旋转,Rotation Z,inhand,extension,P10;P18;P19,cube,本库扩展；原文支持任务族 / 元动作，未声称为原论文独立任务,ViserDex: Visual Sim-to-Real for Robust Dexterous In-hand Reorientation;Classifying Human Manipulation Behavior,https://rffr.leggedrobotics.com/works/viserdex/;https://www.eng.yale.edu/grablab/pubs/bullock_icorr2011.pdf,同类参考；尚无该扩展动作的逐项演示,绕掌系 Z 轴定向旋转。固定手掌参考系，显式记录初始物体位姿和目标 / 路径。,运动主要来自手指；记录接触切换、轨迹误差与掉落。建议目标保持 1 s；这是本库默认值。
I16,顺转—停住—逆转,Rotate-stop-reverse,inhand,extension,P10;P18;P19,cylinder,本库扩展；原文支持任务族 / 元动作，未声称为原论文独立任务,In-Hand Object Rotation via Rapid Motor Adaptation;Classifying Human Manipulation Behavior,https://haozhi.io/hora/;https://www.eng.yale.edu/grablab/pubs/bullock_icorr2011.pdf,同类参考；尚无该扩展动作的逐项演示,顺转—停住—逆转。固定手掌参考系，显式记录初始物体位姿和目标 / 路径。,运动主要来自手指；记录接触切换、轨迹误差与掉落。建议目标保持 1 s；这是本库默认值。
I17,连续目标朝向序列,Sequential orientation targets,inhand,extension,P10;P18;P19,cube,本库扩展；原文支持任务族 / 元动作，未声称为原论文独立任务,ViserDex: Visual Sim-to-Real for Robust Dexterous In-hand Reorientation;Classifying Human Manipulation Behavior,https://rffr.leggedrobotics.com/works/viserdex/;https://www.eng.yale.edu/grablab/pubs/bullock_icorr2011.pdf,同类参考；尚无该扩展动作的逐项演示,连续目标朝向序列。固定手掌参考系，显式记录初始物体位姿和目标 / 路径。,运动主要来自手指；记录接触切换、轨迹误差与掉落。建议目标保持 1 s；这是本库默认值。
I18,连续位置与朝向目标,Sequential 6D targets,inhand,extension,P10;P17;P18;P19,prism,本库扩展；原文支持任务族 / 元动作，未声称为原论文独立任务,Learning In-Hand Object Reaching to General 6D Poses;Classifying Human Manipulation Behavior,https://arxiv.org/abs/2609.13761;https://www.eng.yale.edu/grablab/pubs/bullock_icorr2011.pdf,同类参考；尚无该扩展动作的逐项演示,连续位置与朝向目标。固定手掌参考系，显式记录初始物体位姿和目标 / 路径。,运动主要来自手指；记录接触切换、轨迹误差与掉落。建议目标保持 1 s；这是本库默认值。
I19,指尖滚球,Fingertip rolling,inhand,extension,P10;P21;P18,sphere,本库扩展；原文支持任务族 / 元动作，未声称为原论文独立任务,Classifying Human Manipulation Behavior;Classifying Human Manipulation Behavior,https://www.eng.yale.edu/grablab/pubs/bullock_icorr2011.pdf;https://www.eng.yale.edu/grablab/pubs/bullock_icorr2011.pdf,同类参考；尚无该扩展动作的逐项演示,指尖滚球。固定手掌参考系，显式记录初始物体位姿和目标 / 路径。,运动主要来自手指；记录接触切换、轨迹误差与掉落。建议目标保持 1 s；这是本库默认值。
I20,指腹滑移调整,Sliding regrasp,inhand,extension,P10;P22;P17,pen,本库扩展；原文支持任务族 / 元动作，未声称为原论文独立任务,Classifying Human Manipulation Behavior;Classifying Human Manipulation Behavior,https://www.eng.yale.edu/grablab/pubs/bullock_icorr2011.pdf;https://www.eng.yale.edu/grablab/pubs/bullock_icorr2011.pdf,同类参考；尚无该扩展动作的逐项演示,指腹滑移调整。固定手掌参考系，显式记录初始物体位姿和目标 / 路径。,运动主要来自手指；记录接触切换、轨迹误差与掉落。建议目标保持 1 s；这是本库默认值。
I21,支点旋转,Pivot around contact,inhand,extension,P10;P18;P21,prism,本库扩展；原文支持任务族 / 元动作，未声称为原论文独立任务,Classifying Human Manipulation Behavior;Classifying Human Manipulation Behavior,https://www.eng.yale.edu/grablab/pubs/bullock_icorr2011.pdf;https://www.eng.yale.edu/grablab/pubs/bullock_icorr2011.pdf,同类参考；尚无该扩展动作的逐项演示,支点旋转。固定手掌参考系，显式记录初始物体位姿和目标 / 路径。,运动主要来自手指；记录接触切换、轨迹误差与掉落。建议目标保持 1 s；这是本库默认值。
I22,交替换食指与中指,Alternating finger gait,inhand,extension,P10;P20,cylinder,本库扩展；原文支持任务族 / 元动作，未声称为原论文独立任务,In-Hand Object Rotation via Rapid Motor Adaptation;Classifying Human Manipulation Behavior,https://haozhi.io/hora/;https://www.eng.yale.edu/grablab/pubs/bullock_icorr2011.pdf,同类参考；尚无该扩展动作的逐项演示,交替换食指与中指。固定手掌参考系，显式记录初始物体位姿和目标 / 路径。,运动主要来自手指；记录接触切换、轨迹误差与掉落。建议目标保持 1 s；这是本库默认值。
I23,三指抓转为二指捏,Tripod-to-pinch transition,inhand,extension,P10;P20;P11,coin,本库扩展；原文支持任务族 / 元动作，未声称为原论文独立任务,The GRASP Taxonomy of Human Grasp Types;Classifying Human Manipulation Behavior,https://www.eng.yale.edu/grablab/pubs/Feix_THMS2016.pdf;https://www.eng.yale.edu/grablab/pubs/bullock_icorr2011.pdf,同类参考；尚无该扩展动作的逐项演示,三指抓转为二指捏。固定手掌参考系，显式记录初始物体位姿和目标 / 路径。,运动主要来自手指；记录接触切换、轨迹误差与掉落。建议目标保持 1 s；这是本库默认值。
I24,掌握转为指尖抓,Power-to-precision transition,inhand,extension,P10;P20;P14;P12,sphere,本库扩展；原文支持任务族 / 元动作，未声称为原论文独立任务,The GRASP Taxonomy of Human Grasp Types;Classifying Human Manipulation Behavior,https://www.eng.yale.edu/grablab/pubs/Feix_THMS2016.pdf;https://www.eng.yale.edu/grablab/pubs/bullock_icorr2011.pdf,同类参考；尚无该扩展动作的逐项演示,掌握转为指尖抓。固定手掌参考系，显式记录初始物体位姿和目标 / 路径。,运动主要来自手指；记录接触切换、轨迹误差与掉落。建议目标保持 1 s；这是本库默认值。
I25,硬币翻面 180°,Coin flip in hand,inhand,extension,P10;P18;P20,coin,本库扩展；原文支持任务族 / 元动作，未声称为原论文独立任务,Classifying Human Manipulation Behavior;Classifying Human Manipulation Behavior,https://www.eng.yale.edu/grablab/pubs/bullock_icorr2011.pdf;https://www.eng.yale.edu/grablab/pubs/bullock_icorr2011.pdf,同类参考；尚无该扩展动作的逐项演示,硬币翻面 180°。固定手掌参考系，显式记录初始物体位姿和目标 / 路径。,运动主要来自手指；记录接触切换、轨迹误差与掉落。建议目标保持 1 s；这是本库默认值。
I26,笔调至书写姿态,Pen reorientation,inhand,extension,P10;P18;P20,pen,本库扩展；原文支持任务族 / 元动作，未声称为原论文独立任务,Classifying Human Manipulation Behavior;Classifying Human Manipulation Behavior,https://www.eng.yale.edu/grablab/pubs/bullock_icorr2011.pdf;https://www.eng.yale.edu/grablab/pubs/bullock_icorr2011.pdf,同类参考；尚无该扩展动作的逐项演示,笔调至书写姿态。固定手掌参考系，显式记录初始物体位姿和目标 / 路径。,运动主要来自手指；记录接触切换、轨迹误差与掉落。建议目标保持 1 s；这是本库默认值。
I27,掌内暂存后逐枚取出,Sequential coin storage,inhand,extension,P10;P30;P12,coin,本库扩展；原文支持任务族 / 元动作，未声称为原论文独立任务,Conceptualising a modified system for classification of in-hand manipulation;Classifying Human Manipulation Behavior,https://pubmed.ncbi.nlm.nih.gov/20854484/;https://www.eng.yale.edu/grablab/pubs/bullock_icorr2011.pdf,同类参考；尚无该扩展动作的逐项演示,掌内暂存后逐枚取出。固定手掌参考系，显式记录初始物体位姿和目标 / 路径。,运动主要来自手指；记录接触切换、轨迹误差与掉落。建议目标保持 1 s；这是本库默认值。
I28,小扰动后的位姿恢复,Disturbance recovery,inhand,extension,P10;P19;P31,sphere,本库扩展；原文支持任务族 / 元动作，未声称为原论文独立任务,Learning In-Hand Object Reaching to General 6D Poses;Classifying Human Manipulation Behavior,https://arxiv.org/abs/2609.13761;https://www.eng.yale.edu/grablab/pubs/bullock_icorr2011.pdf,同类参考；尚无该扩展动作的逐项演示,小扰动后的位姿恢复。固定手掌参考系，显式记录初始物体位姿和目标 / 路径。,运动主要来自手指；记录接触切换、轨迹误差与掉落。建议目标保持 1 s；这是本库默认值。
I29,可见纹理改变下重定向,Reorientation with appearance variation,inhand,extension,P10;P18;P19,cube,本库扩展；原文支持任务族 / 元动作，未声称为原论文独立任务,ViserDex: Visual Sim-to-Real for Robust Dexterous In-hand Reorientation;Classifying Human Manipulation Behavior,https://rffr.leggedrobotics.com/works/viserdex/;https://www.eng.yale.edu/grablab/pubs/bullock_icorr2011.pdf,同类参考；尚无该扩展动作的逐项演示,可见纹理改变下重定向。固定手掌参考系，显式记录初始物体位姿和目标 / 路径。,运动主要来自手指；记录接触切换、轨迹误差与掉落。建议目标保持 1 s；这是本库默认值。
I30,不同质量下持续旋转,Rotation across masses,inhand,extension,P10;P18;P31,cylinder;weight,本库扩展；原文支持任务族 / 元动作，未声称为原论文独立任务,In-Hand Object Rotation via Rapid Motor Adaptation;Classifying Human Manipulation Behavior,https://haozhi.io/hora/;https://www.eng.yale.edu/grablab/pubs/bullock_icorr2011.pdf,同类参考；尚无该扩展动作的逐项演示,不同质量下持续旋转。固定手掌参考系，显式记录初始物体位姿和目标 / 路径。,运动主要来自手指；记录接触切换、轨迹误差与掉落。建议目标保持 1 s；这是本库默认值。
T01,方块拾取并放入杯中,Cube picking,transfer,direct,P08;P09;P11;P16;P15,cube;cup,Cube Picking,DexUMI: Using Human Hand as the Universal Manipulation Interface for Dexterous Manipulation,https://dex-umi.github.io/,对应原图或官方任务族演示；详见素材说明,拾取桌上 2.5 cm 方块并放到杯中。,方块进入杯中，释放后保持；记录途中掉落。
T02,桌面物体拾取并举起,Tabletop pick-up,transfer,direct,P08;P09;P10;P16,bottle,Data Collection and Annotation,DexYCB: A Benchmark for Capturing Hand Grasping of Objects,https://dex-ycb.github.io/,项目总览参考，未定位该动作片段,从自然手姿开始，拾取桌面目标并举起。,目标离开桌面且保持稳定；标记接触和离桌帧。
U01,镊子夹取茶叶,Tea picking with tool,tool,direct,P10;P26;P16;P15,tweezers;tea;cup,Tea Picking with Tool,DexUMI: Using Human Hand as the Universal Manipulation Interface for Dexterous Manipulation,https://dex-umi.github.io/,对应原图或官方任务族演示；详见素材说明,拿起镊子，将茶叶从茶壶转移到杯中。,夹住目标并放入指定容器；区分工具握持失败与夹口驱动失败。
U02,旋转炉具旋钮,Turn off stove knob,tool,adapted,P11;P25,knob,Kitchen Manipulation · step 1,DexUMI: Using Human Hand as the Universal Manipulation Interface for Dexterous Manipulation,https://dex-umi.github.io/,对应原图或官方任务族演示；详见素材说明,以无热源旋钮板复现拧到目标角的子动作。,旋钮到目标角，底座保持固定。
T03,锅具从台面转移,Transfer a pan,transfer,adapted,P10;P16;P15,pan,Kitchen Manipulation · step 2,DexUMI: Using Human Hand as the Universal Manipulation Interface for Dexterous Manipulation,https://dex-umi.github.io/,对应原图或官方任务族演示；详见素材说明,以侧面接触抓起冷态轻质锅具并转移。,锅具到目标区域，过程中不倾覆或滑落。
U03,捏取颗粒,Pinch seasoning,tool,adapted,P09;P12;P31,salt,Kitchen Manipulation · step 3,DexUMI: Using Human Hand as the Universal Manipulation Interface for Dexterous Manipulation,https://dex-umi.github.io/,对应原图或官方任务族演示；详见素材说明,手指接触颗粒后闭合，捏起一小撮。,可见颗粒被稳定带离容器；触觉记录用于验证接触。
U04,控制颗粒撒落,Sprinkle seasoning,tool,adapted,P15;P31,salt;pan,Kitchen Manipulation · step 4,DexUMI: Using Human Hand as the Universal Manipulation Interface for Dexterous Manipulation,https://dex-umi.github.io/,对应原图或官方任务族演示；详见素材说明,在目标区域上方逐步释放颗粒。,释放时机与落点被记录，区分均匀撒落和一次掉落。
U05,鸡蛋盒按压与抬扣,Open egg carton,tool,direct,P23;P24;P26,carton,Egg Carton,DexUMI: Using Human Hand as the Universal Manipulation Interface for Dexterous Manipulation,https://dex-umi.github.io/,对应原图或官方任务族演示；详见素材说明,四指压住上盖，拇指抬起前部卡扣。,卡扣分离且上盖可打开；标记稳定手指和活动拇指。
U06,三脚架抓开瓶盖,Open bottle with tripod grasp,tool,direct,P11;P25,bottle,官方动作图 Exercise C21,Electromyography data for non-invasive naturally-controlled robotic hand prostheses,https://ninapro.hevs.ch/instructions/DB1.html,对应原图或官方任务族演示；详见素材说明,按原图形成三脚架抓，旋转瓶盖。,瓶盖发生相对瓶身旋转；底座固定方式单独记录。
U07,杆状抓使用螺丝刀,Turn a screw,tool,direct,P14;P25;P26,screw,官方动作图 Exercise C22,Electromyography data for non-invasive naturally-controlled robotic hand prostheses,https://ninapro.hevs.ch/instructions/DB1.html,对应原图或官方任务族演示；详见素材说明,抓住螺丝刀并转动练习螺丝。,工具与螺丝有效啮合并产生转角。
U08,食指伸展抓切割,Cut with index-extension grasp,tool,direct,P10;P23;P26,knife;paper,官方动作图 Exercise C23,Electromyography data for non-invasive naturally-controlled robotic hand prostheses,https://ninapro.hevs.ch/instructions/DB1.html,对应原图或官方任务族演示；详见素材说明,原任务是持刀切割。本库建议用钝头训练工具及软材料先做采集预试。,目标材料状态改变，工具握持姿态可辨。
B01,双手剪刀开合,Bimanual scissors articulation,bimanual,direct,P27;P26;P25,scissors,项目摘要：scissors,ARCTIC: A Dataset for Dexterous Bimanual Hand-Object Manipulation,https://arctic.is.tue.mpg.de/,对应原图或官方任务族演示；详见素材说明,一手稳定物体或手柄，另一手驱动剪刀开合。,剪刀关节角变化与手指接触同步。
B02,双手笔记本开合,Bimanual laptop articulation,bimanual,direct,P27;P25,laptop,项目摘要：laptops,ARCTIC: A Dataset for Dexterous Bimanual Hand-Object Manipulation,https://arctic.is.tue.mpg.de/,对应原图或官方任务族演示；详见素材说明,一手稳定底座，另一手操作上盖。,底座稳定、上盖达到指定角度；记录换手。
B03,双手书本合盖,Notebook closing,bimanual,direct,P27;P25,book,项目页：Notebook task,DexMachina: Functional Retargeting for Bimanual Dexterous Manipulation,https://project-dexmachina.github.io/,对应原图或官方任务族演示；详见素材说明,分配稳定和合盖角色，允许手型改变操作策略。,书本合盖且无悬空驱动物体的现象。
T04,平薄卡片从桌面捏起,Flat card pickup,transfer,extension,P08;P12;P16,card,本库采集方案扩展；来源提供分解框架或相近任务,DexYCB: A Benchmark for Capturing Hand Grasping of Objects;Classifying Human Manipulation Behavior,https://dex-ycb.github.io/;https://www.eng.yale.edu/grablab/pubs/bullock_icorr2011.pdf,同类参考；尚无该扩展动作的逐项演示,平薄卡片从桌面捏起。在固定工作区内记录接近、接触、执行和结束四个阶段。,按任务目标记录物体终态与接触时序；具体容差在预试后设定并写入 trial 元数据。
T05,硬币从桌面捏起,Coin pickup,transfer,extension,P08;P12;P16,coin,本库采集方案扩展；来源提供分解框架或相近任务,DexYCB: A Benchmark for Capturing Hand Grasping of Objects;Classifying Human Manipulation Behavior,https://dex-ycb.github.io/;https://www.eng.yale.edu/grablab/pubs/bullock_icorr2011.pdf,同类参考；尚无该扩展动作的逐项演示,硬币从桌面捏起。在固定工作区内记录接近、接触、执行和结束四个阶段。,按任务目标记录物体终态与接触时序；具体容差在预试后设定并写入 trial 元数据。
T06,球体拾取并放置,Sphere pick and place,transfer,extension,P08;P11;P16;P15,sphere,本库采集方案扩展；来源提供分解框架或相近任务,DexYCB: A Benchmark for Capturing Hand Grasping of Objects;Classifying Human Manipulation Behavior,https://dex-ycb.github.io/;https://www.eng.yale.edu/grablab/pubs/bullock_icorr2011.pdf,同类参考；尚无该扩展动作的逐项演示,球体拾取并放置。在固定工作区内记录接近、接触、执行和结束四个阶段。,按任务目标记录物体终态与接触时序；具体容差在预试后设定并写入 trial 元数据。
T07,圆柱拾取并放置,Cylinder pick and place,transfer,extension,P08;P14;P16;P15,cylinder,本库采集方案扩展；来源提供分解框架或相近任务,DexYCB: A Benchmark for Capturing Hand Grasping of Objects;Classifying Human Manipulation Behavior,https://dex-ycb.github.io/;https://www.eng.yale.edu/grablab/pubs/bullock_icorr2011.pdf,同类参考；尚无该扩展动作的逐项演示,圆柱拾取并放置。在固定工作区内记录接近、接触、执行和结束四个阶段。,按任务目标记录物体终态与接触时序；具体容差在预试后设定并写入 trial 元数据。
T08,杯柄钩取,Cup handle pickup,transfer,extension,P08;P10;P16,cup,本库采集方案扩展；来源提供分解框架或相近任务,DexYCB: A Benchmark for Capturing Hand Grasping of Objects;Classifying Human Manipulation Behavior,https://dex-ycb.github.io/;https://www.eng.yale.edu/grablab/pubs/bullock_icorr2011.pdf,同类参考；尚无该扩展动作的逐项演示,杯柄钩取。在固定工作区内记录接近、接触、执行和结束四个阶段。,按任务目标记录物体终态与接触时序；具体容差在预试后设定并写入 trial 元数据。
T09,杯沿精密夹取,Cup rim pickup,transfer,extension,P08;P11;P16,cup,本库采集方案扩展；来源提供分解框架或相近任务,DexYCB: A Benchmark for Capturing Hand Grasping of Objects;Classifying Human Manipulation Behavior,https://dex-ycb.github.io/;https://www.eng.yale.edu/grablab/pubs/bullock_icorr2011.pdf,同类参考；尚无该扩展动作的逐项演示,杯沿精密夹取。在固定工作区内记录接近、接触、执行和结束四个阶段。,按任务目标记录物体终态与接触时序；具体容差在预试后设定并写入 trial 元数据。
T10,薄片边缘夹取,Edge pickup,transfer,extension,P08;P13;P16,card,本库采集方案扩展；来源提供分解框架或相近任务,DexYCB: A Benchmark for Capturing Hand Grasping of Objects;Classifying Human Manipulation Behavior,https://dex-ycb.github.io/;https://www.eng.yale.edu/grablab/pubs/bullock_icorr2011.pdf,同类参考；尚无该扩展动作的逐项演示,薄片边缘夹取。在固定工作区内记录接近、接触、执行和结束四个阶段。,按任务目标记录物体终态与接触时序；具体容差在预试后设定并写入 trial 元数据。
T11,物体垂直堆叠,Block stacking,transfer,extension,P10;P16;P15,cube,本库采集方案扩展；来源提供分解框架或相近任务,DexYCB: A Benchmark for Capturing Hand Grasping of Objects;Classifying Human Manipulation Behavior,https://dex-ycb.github.io/;https://www.eng.yale.edu/grablab/pubs/bullock_icorr2011.pdf,同类参考；尚无该扩展动作的逐项演示,物体垂直堆叠。在固定工作区内记录接近、接触、执行和结束四个阶段。,按任务目标记录物体终态与接触时序；具体容差在预试后设定并写入 trial 元数据。
T12,受限空间拾取,Constrained pickup,transfer,extension,P08;P09;P11,cube;box,本库采集方案扩展；来源提供分解框架或相近任务,DexYCB: A Benchmark for Capturing Hand Grasping of Objects;Classifying Human Manipulation Behavior,https://dex-ycb.github.io/;https://www.eng.yale.edu/grablab/pubs/bullock_icorr2011.pdf,同类参考；尚无该扩展动作的逐项演示,受限空间拾取。在固定工作区内记录接近、接触、执行和结束四个阶段。,按任务目标记录物体终态与接触时序；具体容差在预试后设定并写入 trial 元数据。
T13,有遮挡目标拾取,Occluded target pickup,transfer,extension,P08;P09;P11,cube;bottle,本库采集方案扩展；来源提供分解框架或相近任务,DexYCB: A Benchmark for Capturing Hand Grasping of Objects;Classifying Human Manipulation Behavior,https://dex-ycb.github.io/;https://www.eng.yale.edu/grablab/pubs/bullock_icorr2011.pdf,同类参考；尚无该扩展动作的逐项演示,有遮挡目标拾取。在固定工作区内记录接近、接触、执行和结束四个阶段。,按任务目标记录物体终态与接触时序；具体容差在预试后设定并写入 trial 元数据。
T14,横放笔拾取,Horizontal pen pickup,transfer,extension,P08;P11;P16,pen,本库采集方案扩展；来源提供分解框架或相近任务,DexYCB: A Benchmark for Capturing Hand Grasping of Objects;Classifying Human Manipulation Behavior,https://dex-ycb.github.io/;https://www.eng.yale.edu/grablab/pubs/bullock_icorr2011.pdf,同类参考；尚无该扩展动作的逐项演示,横放笔拾取。在固定工作区内记录接近、接触、执行和结束四个阶段。,按任务目标记录物体终态与接触时序；具体容差在预试后设定并写入 trial 元数据。
T15,物体移到标记区域,Object relocation,transfer,extension,P10;P16;P15,cube,本库采集方案扩展；来源提供分解框架或相近任务,DexYCB: A Benchmark for Capturing Hand Grasping of Objects;Classifying Human Manipulation Behavior,https://dex-ycb.github.io/;https://www.eng.yale.edu/grablab/pubs/bullock_icorr2011.pdf,同类参考；尚无该扩展动作的逐项演示,物体移到标记区域。在固定工作区内记录接近、接触、执行和结束四个阶段。,按任务目标记录物体终态与接触时序；具体容差在预试后设定并写入 trial 元数据。
T16,持物改变腕方向,Transport with wrist rotation,transfer,extension,P10;P07;P16,bottle,本库采集方案扩展；来源提供分解框架或相近任务,DexYCB: A Benchmark for Capturing Hand Grasping of Objects;Classifying Human Manipulation Behavior,https://dex-ycb.github.io/;https://www.eng.yale.edu/grablab/pubs/bullock_icorr2011.pdf,同类参考；尚无该扩展动作的逐项演示,持物改变腕方向。在固定工作区内记录接近、接触、执行和结束四个阶段。,按任务目标记录物体终态与接触时序；具体容差在预试后设定并写入 trial 元数据。
T17,细长物水平搬运,Horizontal rod transport,transfer,extension,P10;P16,pen,本库采集方案扩展；来源提供分解框架或相近任务,DexYCB: A Benchmark for Capturing Hand Grasping of Objects;Classifying Human Manipulation Behavior,https://dex-ycb.github.io/;https://www.eng.yale.edu/grablab/pubs/bullock_icorr2011.pdf,同类参考；尚无该扩展动作的逐项演示,细长物水平搬运。在固定工作区内记录接近、接触、执行和结束四个阶段。,按任务目标记录物体终态与接触时序；具体容差在预试后设定并写入 trial 元数据。
T18,抓取后精准回放,Pick and return,transfer,extension,P08;P10;P16;P15,prism,本库采集方案扩展；来源提供分解框架或相近任务,DexYCB: A Benchmark for Capturing Hand Grasping of Objects;Classifying Human Manipulation Behavior,https://dex-ycb.github.io/;https://www.eng.yale.edu/grablab/pubs/bullock_icorr2011.pdf,同类参考；尚无该扩展动作的逐项演示,抓取后精准回放。在固定工作区内记录接近、接触、执行和结束四个阶段。,按任务目标记录物体终态与接触时序；具体容差在预试后设定并写入 trial 元数据。
T19,放置后脱离接触,Controlled release,transfer,extension,P15;P16,cube,本库采集方案扩展；来源提供分解框架或相近任务,DexYCB: A Benchmark for Capturing Hand Grasping of Objects;Classifying Human Manipulation Behavior,https://dex-ycb.github.io/;https://www.eng.yale.edu/grablab/pubs/bullock_icorr2011.pdf,同类参考；尚无该扩展动作的逐项演示,放置后脱离接触。在固定工作区内记录接近、接触、执行和结束四个阶段。,按任务目标记录物体终态与接触时序；具体容差在预试后设定并写入 trial 元数据。
T20,预成形开度适配,Aperture preshaping,transfer,extension,P08;P03,sphere;cylinder,本库采集方案扩展；来源提供分解框架或相近任务,DexYCB: A Benchmark for Capturing Hand Grasping of Objects;Classifying Human Manipulation Behavior,https://dex-ycb.github.io/;https://www.eng.yale.edu/grablab/pubs/bullock_icorr2011.pdf,同类参考；尚无该扩展动作的逐项演示,预成形开度适配。在固定工作区内记录接近、接触、执行和结束四个阶段。,按任务目标记录物体终态与接触时序；具体容差在预试后设定并写入 trial 元数据。
U09,按下按钮,Button press,tool,extension,P23,button,本库采集方案扩展；来源提供分解框架或相近任务,Classifying Human Manipulation Behavior;Electromyography data for non-invasive naturally-controlled robotic hand prostheses,https://www.eng.yale.edu/grablab/pubs/bullock_icorr2011.pdf;https://ninapro.hevs.ch/instructions/DB1.html,同类参考；尚无该扩展动作的逐项演示,按下按钮。在固定工作区内记录接近、接触、执行和结束四个阶段。,按任务目标记录物体终态与接触时序；具体容差在预试后设定并写入 trial 元数据。
U10,拨动开关,Toggle switch,tool,extension,P23;P24,button,本库采集方案扩展；来源提供分解框架或相近任务,Classifying Human Manipulation Behavior;Electromyography data for non-invasive naturally-controlled robotic hand prostheses,https://www.eng.yale.edu/grablab/pubs/bullock_icorr2011.pdf;https://ninapro.hevs.ch/instructions/DB1.html,同类参考；尚无该扩展动作的逐项演示,拨动开关。在固定工作区内记录接近、接触、执行和结束四个阶段。,按任务目标记录物体终态与接触时序；具体容差在预试后设定并写入 trial 元数据。
U11,食指驱动扳机,Index trigger pull,tool,extension,P10;P26,button,本库采集方案扩展；来源提供分解框架或相近任务,Classifying Human Manipulation Behavior;Electromyography data for non-invasive naturally-controlled robotic hand prostheses,https://www.eng.yale.edu/grablab/pubs/bullock_icorr2011.pdf;https://ninapro.hevs.ch/instructions/DB1.html,同类参考；尚无该扩展动作的逐项演示,食指驱动扳机。在固定工作区内记录接近、接触、执行和结束四个阶段。,按任务目标记录物体终态与接触时序；具体容差在预试后设定并写入 trial 元数据。
U12,拇指按压顶部泵头,Thumb pump press,tool,extension,P10;P23,bottle,本库采集方案扩展；来源提供分解框架或相近任务,Classifying Human Manipulation Behavior;Electromyography data for non-invasive naturally-controlled robotic hand prostheses,https://www.eng.yale.edu/grablab/pubs/bullock_icorr2011.pdf;https://ninapro.hevs.ch/instructions/DB1.html,同类参考；尚无该扩展动作的逐项演示,拇指按压顶部泵头。在固定工作区内记录接近、接触、执行和结束四个阶段。,按任务目标记录物体终态与接触时序；具体容差在预试后设定并写入 trial 元数据。
U13,旋钮转到刻度,Knob target angle,tool,extension,P11;P25,knob,本库采集方案扩展；来源提供分解框架或相近任务,Classifying Human Manipulation Behavior;Electromyography data for non-invasive naturally-controlled robotic hand prostheses,https://www.eng.yale.edu/grablab/pubs/bullock_icorr2011.pdf;https://ninapro.hevs.ch/instructions/DB1.html,同类参考；尚无该扩展动作的逐项演示,旋钮转到刻度。在固定工作区内记录接近、接触、执行和结束四个阶段。,按任务目标记录物体终态与接触时序；具体容差在预试后设定并写入 trial 元数据。
U14,钥匙插入练习锁,Key insertion,tool,extension,P13;P17,key,本库采集方案扩展；来源提供分解框架或相近任务,Classifying Human Manipulation Behavior;Electromyography data for non-invasive naturally-controlled robotic hand prostheses,https://www.eng.yale.edu/grablab/pubs/bullock_icorr2011.pdf;https://ninapro.hevs.ch/instructions/DB1.html,同类参考；尚无该扩展动作的逐项演示,钥匙插入练习锁。在固定工作区内记录接近、接触、执行和结束四个阶段。,按任务目标记录物体终态与接触时序；具体容差在预试后设定并写入 trial 元数据。
U15,钥匙转动,Key turning,tool,extension,P13;P25,key,本库采集方案扩展；来源提供分解框架或相近任务,Classifying Human Manipulation Behavior;Electromyography data for non-invasive naturally-controlled robotic hand prostheses,https://www.eng.yale.edu/grablab/pubs/bullock_icorr2011.pdf;https://ninapro.hevs.ch/instructions/DB1.html,同类参考；尚无该扩展动作的逐项演示,钥匙转动。在固定工作区内记录接近、接触、执行和结束四个阶段。,按任务目标记录物体终态与接触时序；具体容差在预试后设定并写入 trial 元数据。
U16,钥匙拔出,Key extraction,tool,extension,P13;P24,key,本库采集方案扩展；来源提供分解框架或相近任务,Classifying Human Manipulation Behavior;Electromyography data for non-invasive naturally-controlled robotic hand prostheses,https://www.eng.yale.edu/grablab/pubs/bullock_icorr2011.pdf;https://ninapro.hevs.ch/instructions/DB1.html,同类参考；尚无该扩展动作的逐项演示,钥匙拔出。在固定工作区内记录接近、接触、执行和结束四个阶段。,按任务目标记录物体终态与接触时序；具体容差在预试后设定并写入 trial 元数据。
U17,插销对孔并插入,Peg insertion,tool,extension,P11;P17;P23,peg,本库采集方案扩展；来源提供分解框架或相近任务,Classifying Human Manipulation Behavior;Electromyography data for non-invasive naturally-controlled robotic hand prostheses,https://www.eng.yale.edu/grablab/pubs/bullock_icorr2011.pdf;https://ninapro.hevs.ch/instructions/DB1.html,同类参考；尚无该扩展动作的逐项演示,插销对孔并插入。在固定工作区内记录接近、接触、执行和结束四个阶段。,按任务目标记录物体终态与接触时序；具体容差在预试后设定并写入 trial 元数据。
U18,插销拔出,Peg extraction,tool,extension,P11;P24,peg,本库采集方案扩展；来源提供分解框架或相近任务,Classifying Human Manipulation Behavior;Electromyography data for non-invasive naturally-controlled robotic hand prostheses,https://www.eng.yale.edu/grablab/pubs/bullock_icorr2011.pdf;https://ninapro.hevs.ch/instructions/DB1.html,同类参考；尚无该扩展动作的逐项演示,插销拔出。在固定工作区内记录接近、接触、执行和结束四个阶段。,按任务目标记录物体终态与接触时序；具体容差在预试后设定并写入 trial 元数据。
U19,卡片插槽,Card insertion,tool,extension,P13;P17,card;box,本库采集方案扩展；来源提供分解框架或相近任务,Classifying Human Manipulation Behavior;Electromyography data for non-invasive naturally-controlled robotic hand prostheses,https://www.eng.yale.edu/grablab/pubs/bullock_icorr2011.pdf;https://ninapro.hevs.ch/instructions/DB1.html,同类参考；尚无该扩展动作的逐项演示,卡片插槽。在固定工作区内记录接近、接触、执行和结束四个阶段。,按任务目标记录物体终态与接触时序；具体容差在预试后设定并写入 trial 元数据。
U20,卡片抽出,Card extraction,tool,extension,P13;P24,card;box,本库采集方案扩展；来源提供分解框架或相近任务,Classifying Human Manipulation Behavior;Electromyography data for non-invasive naturally-controlled robotic hand prostheses,https://www.eng.yale.edu/grablab/pubs/bullock_icorr2011.pdf;https://ninapro.hevs.ch/instructions/DB1.html,同类参考；尚无该扩展动作的逐项演示,卡片抽出。在固定工作区内记录接近、接触、执行和结束四个阶段。,按任务目标记录物体终态与接触时序；具体容差在预试后设定并写入 trial 元数据。
U21,圆环套杆,Ring placement,tool,extension,P11;P17,ring,本库采集方案扩展；来源提供分解框架或相近任务,Classifying Human Manipulation Behavior;Electromyography data for non-invasive naturally-controlled robotic hand prostheses,https://www.eng.yale.edu/grablab/pubs/bullock_icorr2011.pdf;https://ninapro.hevs.ch/instructions/DB1.html,同类参考；尚无该扩展动作的逐项演示,圆环套杆。在固定工作区内记录接近、接触、执行和结束四个阶段。,按任务目标记录物体终态与接触时序；具体容差在预试后设定并写入 trial 元数据。
U22,旋紧瓶盖,Screw cap tightening,tool,extension,P11;P25,bottle,本库采集方案扩展；来源提供分解框架或相近任务,Classifying Human Manipulation Behavior;Electromyography data for non-invasive naturally-controlled robotic hand prostheses,https://www.eng.yale.edu/grablab/pubs/bullock_icorr2011.pdf;https://ninapro.hevs.ch/instructions/DB1.html,同类参考；尚无该扩展动作的逐项演示,旋紧瓶盖。在固定工作区内记录接近、接触、执行和结束四个阶段。,按任务目标记录物体终态与接触时序；具体容差在预试后设定并写入 trial 元数据。
U23,旋松瓶盖,Screw cap loosening,tool,extension,P11;P25,bottle,本库采集方案扩展；来源提供分解框架或相近任务,Classifying Human Manipulation Behavior;Electromyography data for non-invasive naturally-controlled robotic hand prostheses,https://www.eng.yale.edu/grablab/pubs/bullock_icorr2011.pdf;https://ninapro.hevs.ch/instructions/DB1.html,同类参考；尚无该扩展动作的逐项演示,旋松瓶盖。在固定工作区内记录接近、接触、执行和结束四个阶段。,按任务目标记录物体终态与接触时序；具体容差在预试后设定并写入 trial 元数据。
U24,书写短线,Writing strokes,tool,extension,P11;P17;P23,pen;paper,本库采集方案扩展；来源提供分解框架或相近任务,Classifying Human Manipulation Behavior;Electromyography data for non-invasive naturally-controlled robotic hand prostheses,https://www.eng.yale.edu/grablab/pubs/bullock_icorr2011.pdf;https://ninapro.hevs.ch/instructions/DB1.html,同类参考；尚无该扩展动作的逐项演示,书写短线。在固定工作区内记录接近、接触、执行和结束四个阶段。,按任务目标记录物体终态与接触时序；具体容差在预试后设定并写入 trial 元数据。
U25,笔帽拔开,Pen uncapping,tool,extension,P10;P24,pen,本库采集方案扩展；来源提供分解框架或相近任务,Classifying Human Manipulation Behavior;Electromyography data for non-invasive naturally-controlled robotic hand prostheses,https://www.eng.yale.edu/grablab/pubs/bullock_icorr2011.pdf;https://ninapro.hevs.ch/instructions/DB1.html,同类参考；尚无该扩展动作的逐项演示,笔帽拔开。在固定工作区内记录接近、接触、执行和结束四个阶段。,按任务目标记录物体终态与接触时序；具体容差在预试后设定并写入 trial 元数据。
U26,笔帽扣合,Pen capping,tool,extension,P10;P23,pen,本库采集方案扩展；来源提供分解框架或相近任务,Classifying Human Manipulation Behavior;Electromyography data for non-invasive naturally-controlled robotic hand prostheses,https://www.eng.yale.edu/grablab/pubs/bullock_icorr2011.pdf;https://ninapro.hevs.ch/instructions/DB1.html,同类参考；尚无该扩展动作的逐项演示,笔帽扣合。在固定工作区内记录接近、接触、执行和结束四个阶段。,按任务目标记录物体终态与接触时序；具体容差在预试后设定并写入 trial 元数据。
U27,夹子夹持纸张,Clip actuation,tool,extension,P10;P26,tweezers;paper,本库采集方案扩展；来源提供分解框架或相近任务,Classifying Human Manipulation Behavior;Electromyography data for non-invasive naturally-controlled robotic hand prostheses,https://www.eng.yale.edu/grablab/pubs/bullock_icorr2011.pdf;https://ninapro.hevs.ch/instructions/DB1.html,同类参考；尚无该扩展动作的逐项演示,夹子夹持纸张。在固定工作区内记录接近、接触、执行和结束四个阶段。,按任务目标记录物体终态与接触时序；具体容差在预试后设定并写入 trial 元数据。
U28,抽屉钩拉,Drawer pull,tool,extension,P10;P24,drawer,本库采集方案扩展；来源提供分解框架或相近任务,Classifying Human Manipulation Behavior;Electromyography data for non-invasive naturally-controlled robotic hand prostheses,https://www.eng.yale.edu/grablab/pubs/bullock_icorr2011.pdf;https://ninapro.hevs.ch/instructions/DB1.html,同类参考；尚无该扩展动作的逐项演示,抽屉钩拉。在固定工作区内记录接近、接触、执行和结束四个阶段。,按任务目标记录物体终态与接触时序；具体容差在预试后设定并写入 trial 元数据。
U29,抽屉推回,Drawer push,tool,extension,P23,drawer,本库采集方案扩展；来源提供分解框架或相近任务,Classifying Human Manipulation Behavior;Electromyography data for non-invasive naturally-controlled robotic hand prostheses,https://www.eng.yale.edu/grablab/pubs/bullock_icorr2011.pdf;https://ninapro.hevs.ch/instructions/DB1.html,同类参考；尚无该扩展动作的逐项演示,抽屉推回。在固定工作区内记录接近、接触、执行和结束四个阶段。,按任务目标记录物体终态与接触时序；具体容差在预试后设定并写入 trial 元数据。
U30,门柄压下,Handle depression,tool,extension,P14;P25,handle,本库采集方案扩展；来源提供分解框架或相近任务,Classifying Human Manipulation Behavior;Electromyography data for non-invasive naturally-controlled robotic hand prostheses,https://www.eng.yale.edu/grablab/pubs/bullock_icorr2011.pdf;https://ninapro.hevs.ch/instructions/DB1.html,同类参考；尚无该扩展动作的逐项演示,门柄压下。在固定工作区内记录接近、接触、执行和结束四个阶段。,按任务目标记录物体终态与接触时序；具体容差在预试后设定并写入 trial 元数据。
U31,持手机模型并拇指滑动,Thumb swipe while holding,tool,extension,P10;P22,phone,本库采集方案扩展；来源提供分解框架或相近任务,Classifying Human Manipulation Behavior;Electromyography data for non-invasive naturally-controlled robotic hand prostheses,https://www.eng.yale.edu/grablab/pubs/bullock_icorr2011.pdf;https://ninapro.hevs.ch/instructions/DB1.html,同类参考；尚无该扩展动作的逐项演示,持手机模型并拇指滑动。在固定工作区内记录接近、接触、执行和结束四个阶段。,按任务目标记录物体终态与接触时序；具体容差在预试后设定并写入 trial 元数据。
U32,空杯倾倒到目标角,Cup tilt,tool,extension,P10;P07,cup,本库采集方案扩展；来源提供分解框架或相近任务,Classifying Human Manipulation Behavior;Electromyography data for non-invasive naturally-controlled robotic hand prostheses,https://www.eng.yale.edu/grablab/pubs/bullock_icorr2011.pdf;https://ninapro.hevs.ch/instructions/DB1.html,同类参考；尚无该扩展动作的逐项演示,空杯倾倒到目标角。在固定工作区内记录接近、接触、执行和结束四个阶段。,按任务目标记录物体终态与接触时序；具体容差在预试后设定并写入 trial 元数据。
U33,剪刀空载开合,Scissor actuation,tool,extension,P10;P26,scissors,本库采集方案扩展；来源提供分解框架或相近任务,Classifying Human Manipulation Behavior;Electromyography data for non-invasive naturally-controlled robotic hand prostheses,https://www.eng.yale.edu/grablab/pubs/bullock_icorr2011.pdf;https://ninapro.hevs.ch/instructions/DB1.html,同类参考；尚无该扩展动作的逐项演示,剪刀空载开合。在固定工作区内记录接近、接触、执行和结束四个阶段。,按任务目标记录物体终态与接触时序；具体容差在预试后设定并写入 trial 元数据。
U34,旋转螺母,Nut rotation,tool,extension,P11;P25,screw,本库采集方案扩展；来源提供分解框架或相近任务,Classifying Human Manipulation Behavior;Electromyography data for non-invasive naturally-controlled robotic hand prostheses,https://www.eng.yale.edu/grablab/pubs/bullock_icorr2011.pdf;https://ninapro.hevs.ch/instructions/DB1.html,同类参考；尚无该扩展动作的逐项演示,旋转螺母。在固定工作区内记录接近、接触、执行和结束四个阶段。,按任务目标记录物体终态与接触时序；具体容差在预试后设定并写入 trial 元数据。
B04,左手向右手转交,Left-to-right handover,bimanual,extension,P10;P28;P15,cube,本库采集方案扩展；来源提供分解框架或相近任务,OakInk 2: A Dataset of Bimanual Hands-Object Manipulation in Complex Task Completion;ARCTIC: A Dataset for Dexterous Bimanual Hand-Object Manipulation;Classifying Human Manipulation Behavior,https://oakink.net/v2/;https://arctic.is.tue.mpg.de/;https://www.eng.yale.edu/grablab/pubs/bullock_icorr2011.pdf,同类参考；尚无该扩展动作的逐项演示,左手向右手转交。在固定工作区内记录接近、接触、执行和结束四个阶段。,按任务目标记录物体终态与接触时序；具体容差在预试后设定并写入 trial 元数据。
B05,右手向左手转交,Right-to-left handover,bimanual,extension,P10;P28;P15,cube,本库采集方案扩展；来源提供分解框架或相近任务,OakInk 2: A Dataset of Bimanual Hands-Object Manipulation in Complex Task Completion;ARCTIC: A Dataset for Dexterous Bimanual Hand-Object Manipulation;Classifying Human Manipulation Behavior,https://oakink.net/v2/;https://arctic.is.tue.mpg.de/;https://www.eng.yale.edu/grablab/pubs/bullock_icorr2011.pdf,同类参考；尚无该扩展动作的逐项演示,右手向左手转交。在固定工作区内记录接近、接触、执行和结束四个阶段。,按任务目标记录物体终态与接触时序；具体容差在预试后设定并写入 trial 元数据。
B06,双手共同搬运托盘,Two-hand tray transport,bimanual,extension,P10;P16;P27,bowl,本库采集方案扩展；来源提供分解框架或相近任务,OakInk 2: A Dataset of Bimanual Hands-Object Manipulation in Complex Task Completion;ARCTIC: A Dataset for Dexterous Bimanual Hand-Object Manipulation;Classifying Human Manipulation Behavior,https://oakink.net/v2/;https://arctic.is.tue.mpg.de/;https://www.eng.yale.edu/grablab/pubs/bullock_icorr2011.pdf,同类参考；尚无该扩展动作的逐项演示,双手共同搬运托盘。在固定工作区内记录接近、接触、执行和结束四个阶段。,按任务目标记录物体终态与接触时序；具体容差在预试后设定并写入 trial 元数据。
B07,一手扶瓶一手拧盖,Stabilized bottle opening,bimanual,extension,P27;P25,bottle,本库采集方案扩展；来源提供分解框架或相近任务,OakInk 2: A Dataset of Bimanual Hands-Object Manipulation in Complex Task Completion;ARCTIC: A Dataset for Dexterous Bimanual Hand-Object Manipulation;Classifying Human Manipulation Behavior,https://oakink.net/v2/;https://arctic.is.tue.mpg.de/;https://www.eng.yale.edu/grablab/pubs/bullock_icorr2011.pdf,同类参考；尚无该扩展动作的逐项演示,一手扶瓶一手拧盖。在固定工作区内记录接近、接触、执行和结束四个阶段。,按任务目标记录物体终态与接触时序；具体容差在预试后设定并写入 trial 元数据。
B08,一手扶盒一手开盖,Stabilized box opening,bimanual,extension,P27;P24,box,本库采集方案扩展；来源提供分解框架或相近任务,OakInk 2: A Dataset of Bimanual Hands-Object Manipulation in Complex Task Completion;ARCTIC: A Dataset for Dexterous Bimanual Hand-Object Manipulation;Classifying Human Manipulation Behavior,https://oakink.net/v2/;https://arctic.is.tue.mpg.de/;https://www.eng.yale.edu/grablab/pubs/bullock_icorr2011.pdf,同类参考；尚无该扩展动作的逐项演示,一手扶盒一手开盖。在固定工作区内记录接近、接触、执行和结束四个阶段。,按任务目标记录物体终态与接触时序；具体容差在预试后设定并写入 trial 元数据。
B09,一手扶纸一手翻页,Page turning,bimanual,extension,P27;P12;P18,book;paper,本库采集方案扩展；来源提供分解框架或相近任务,OakInk 2: A Dataset of Bimanual Hands-Object Manipulation in Complex Task Completion;ARCTIC: A Dataset for Dexterous Bimanual Hand-Object Manipulation;Classifying Human Manipulation Behavior,https://oakink.net/v2/;https://arctic.is.tue.mpg.de/;https://www.eng.yale.edu/grablab/pubs/bullock_icorr2011.pdf,同类参考；尚无该扩展动作的逐项演示,一手扶纸一手翻页。在固定工作区内记录接近、接触、执行和结束四个阶段。,按任务目标记录物体终态与接触时序；具体容差在预试后设定并写入 trial 元数据。
B10,一手扶物一手插销,Stabilized peg insertion,bimanual,extension,P27;P17;P23,peg,本库采集方案扩展；来源提供分解框架或相近任务,OakInk 2: A Dataset of Bimanual Hands-Object Manipulation in Complex Task Completion;ARCTIC: A Dataset for Dexterous Bimanual Hand-Object Manipulation;Classifying Human Manipulation Behavior,https://oakink.net/v2/;https://arctic.is.tue.mpg.de/;https://www.eng.yale.edu/grablab/pubs/bullock_icorr2011.pdf,同类参考；尚无该扩展动作的逐项演示,一手扶物一手插销。在固定工作区内记录接近、接触、执行和结束四个阶段。,按任务目标记录物体终态与接触时序；具体容差在预试后设定并写入 trial 元数据。
B11,一手扶线一手插接,Unpowered connector insertion,bimanual,extension,P27;P23,plug,本库采集方案扩展；来源提供分解框架或相近任务,OakInk 2: A Dataset of Bimanual Hands-Object Manipulation in Complex Task Completion;ARCTIC: A Dataset for Dexterous Bimanual Hand-Object Manipulation;Classifying Human Manipulation Behavior,https://oakink.net/v2/;https://arctic.is.tue.mpg.de/;https://www.eng.yale.edu/grablab/pubs/bullock_icorr2011.pdf,同类参考；尚无该扩展动作的逐项演示,一手扶线一手插接。在固定工作区内记录接近、接触、执行和结束四个阶段。,按任务目标记录物体终态与接触时序；具体容差在预试后设定并写入 trial 元数据。
B12,一手固定一手拉链,Zipper operation,bimanual,extension,P27;P24,zip,本库采集方案扩展；来源提供分解框架或相近任务,OakInk 2: A Dataset of Bimanual Hands-Object Manipulation in Complex Task Completion;ARCTIC: A Dataset for Dexterous Bimanual Hand-Object Manipulation;Classifying Human Manipulation Behavior,https://oakink.net/v2/;https://arctic.is.tue.mpg.de/;https://www.eng.yale.edu/grablab/pubs/bullock_icorr2011.pdf,同类参考；尚无该扩展动作的逐项演示,一手固定一手拉链。在固定工作区内记录接近、接触、执行和结束四个阶段。,按任务目标记录物体终态与接触时序；具体容差在预试后设定并写入 trial 元数据。
B13,双手拉开袋口,Bag opening,bimanual,extension,P27;P29,bag,本库采集方案扩展；来源提供分解框架或相近任务,OakInk 2: A Dataset of Bimanual Hands-Object Manipulation in Complex Task Completion;ARCTIC: A Dataset for Dexterous Bimanual Hand-Object Manipulation;Classifying Human Manipulation Behavior,https://oakink.net/v2/;https://arctic.is.tue.mpg.de/;https://www.eng.yale.edu/grablab/pubs/bullock_icorr2011.pdf,同类参考；尚无该扩展动作的逐项演示,双手拉开袋口。在固定工作区内记录接近、接触、执行和结束四个阶段。,按任务目标记录物体终态与接触时序；具体容差在预试后设定并写入 trial 元数据。
B14,双手扶杯与倒入,Pour-and-receive,bimanual,extension,P27;P07,cup,本库采集方案扩展；来源提供分解框架或相近任务,OakInk 2: A Dataset of Bimanual Hands-Object Manipulation in Complex Task Completion;ARCTIC: A Dataset for Dexterous Bimanual Hand-Object Manipulation;Classifying Human Manipulation Behavior,https://oakink.net/v2/;https://arctic.is.tue.mpg.de/;https://www.eng.yale.edu/grablab/pubs/bullock_icorr2011.pdf,同类参考；尚无该扩展动作的逐项演示,双手扶杯与倒入。在固定工作区内记录接近、接触、执行和结束四个阶段。,按任务目标记录物体终态与接触时序；具体容差在预试后设定并写入 trial 元数据。
B15,双手改变长杆方向,Two-hand rod reorientation,bimanual,extension,P27;P18,cylinder,本库采集方案扩展；来源提供分解框架或相近任务,OakInk 2: A Dataset of Bimanual Hands-Object Manipulation in Complex Task Completion;ARCTIC: A Dataset for Dexterous Bimanual Hand-Object Manipulation;Classifying Human Manipulation Behavior,https://oakink.net/v2/;https://arctic.is.tue.mpg.de/;https://www.eng.yale.edu/grablab/pubs/bullock_icorr2011.pdf,同类参考；尚无该扩展动作的逐项演示,双手改变长杆方向。在固定工作区内记录接近、接触、执行和结束四个阶段。,按任务目标记录物体终态与接触时序；具体容差在预试后设定并写入 trial 元数据。
B16,稳定手与操作手换角色,Role switching,bimanual,extension,P27;P20,box,本库采集方案扩展；来源提供分解框架或相近任务,OakInk 2: A Dataset of Bimanual Hands-Object Manipulation in Complex Task Completion;ARCTIC: A Dataset for Dexterous Bimanual Hand-Object Manipulation;Classifying Human Manipulation Behavior,https://oakink.net/v2/;https://arctic.is.tue.mpg.de/;https://www.eng.yale.edu/grablab/pubs/bullock_icorr2011.pdf,同类参考；尚无该扩展动作的逐项演示,稳定手与操作手换角色。在固定工作区内记录接近、接触、执行和结束四个阶段。,按任务目标记录物体终态与接触时序；具体容差在预试后设定并写入 trial 元数据。
B17,双手拉开套筒,Telescoping pull,bimanual,extension,P27;P24,cylinder,本库采集方案扩展；来源提供分解框架或相近任务,OakInk 2: A Dataset of Bimanual Hands-Object Manipulation in Complex Task Completion;ARCTIC: A Dataset for Dexterous Bimanual Hand-Object Manipulation;Classifying Human Manipulation Behavior,https://oakink.net/v2/;https://arctic.is.tue.mpg.de/;https://www.eng.yale.edu/grablab/pubs/bullock_icorr2011.pdf,同类参考；尚无该扩展动作的逐项演示,双手拉开套筒。在固定工作区内记录接近、接触、执行和结束四个阶段。,按任务目标记录物体终态与接触时序；具体容差在预试后设定并写入 trial 元数据。
B18,双手贴合两块物体,Object alignment,bimanual,extension,P27;P17,cube,本库采集方案扩展；来源提供分解框架或相近任务,OakInk 2: A Dataset of Bimanual Hands-Object Manipulation in Complex Task Completion;ARCTIC: A Dataset for Dexterous Bimanual Hand-Object Manipulation;Classifying Human Manipulation Behavior,https://oakink.net/v2/;https://arctic.is.tue.mpg.de/;https://www.eng.yale.edu/grablab/pubs/bullock_icorr2011.pdf,同类参考；尚无该扩展动作的逐项演示,双手贴合两块物体。在固定工作区内记录接近、接触、执行和结束四个阶段。,按任务目标记录物体终态与接触时序；具体容差在预试后设定并写入 trial 元数据。
B19,一手持笔一手拔帽,Bimanual pen uncapping,bimanual,extension,P27;P24,pen,本库采集方案扩展；来源提供分解框架或相近任务,OakInk 2: A Dataset of Bimanual Hands-Object Manipulation in Complex Task Completion;ARCTIC: A Dataset for Dexterous Bimanual Hand-Object Manipulation;Classifying Human Manipulation Behavior,https://oakink.net/v2/;https://arctic.is.tue.mpg.de/;https://www.eng.yale.edu/grablab/pubs/bullock_icorr2011.pdf,同类参考；尚无该扩展动作的逐项演示,一手持笔一手拔帽。在固定工作区内记录接近、接触、执行和结束四个阶段。,按任务目标记录物体终态与接触时序；具体容差在预试后设定并写入 trial 元数据。
B20,双手拆开插接块,Block separation,bimanual,extension,P27;P24,cube,本库采集方案扩展；来源提供分解框架或相近任务,OakInk 2: A Dataset of Bimanual Hands-Object Manipulation in Complex Task Completion;ARCTIC: A Dataset for Dexterous Bimanual Hand-Object Manipulation;Classifying Human Manipulation Behavior,https://oakink.net/v2/;https://arctic.is.tue.mpg.de/;https://www.eng.yale.edu/grablab/pubs/bullock_icorr2011.pdf,同类参考；尚无该扩展动作的逐项演示,双手拆开插接块。在固定工作区内记录接近、接触、执行和结束四个阶段。,按任务目标记录物体终态与接触时序；具体容差在预试后设定并写入 trial 元数据。
B21,双手组合插接块,Block assembly,bimanual,extension,P27;P23,cube,本库采集方案扩展；来源提供分解框架或相近任务,OakInk 2: A Dataset of Bimanual Hands-Object Manipulation in Complex Task Completion;ARCTIC: A Dataset for Dexterous Bimanual Hand-Object Manipulation;Classifying Human Manipulation Behavior,https://oakink.net/v2/;https://arctic.is.tue.mpg.de/;https://www.eng.yale.edu/grablab/pubs/bullock_icorr2011.pdf,同类参考；尚无该扩展动作的逐项演示,双手组合插接块。在固定工作区内记录接近、接触、执行和结束四个阶段。,按任务目标记录物体终态与接触时序；具体容差在预试后设定并写入 trial 元数据。
D01,布片对角拉平,Cloth spreading,deform,extension,P29;P24,cloth,本库采集方案扩展；来源提供分解框架或相近任务,Classifying Human Manipulation Behavior;OakInk 2: A Dataset of Bimanual Hands-Object Manipulation in Complex Task Completion,https://www.eng.yale.edu/grablab/pubs/bullock_icorr2011.pdf;https://oakink.net/v2/,同类参考；尚无该扩展动作的逐项演示,布片对角拉平。在固定工作区内记录接近、接触、执行和结束四个阶段。,记录变形前后关键点、目标形状、接触次序；不得仅用刚体位姿判定成功。
D02,布片对折,Cloth folding,deform,extension,P29;P16,cloth,本库采集方案扩展；来源提供分解框架或相近任务,Classifying Human Manipulation Behavior;OakInk 2: A Dataset of Bimanual Hands-Object Manipulation in Complex Task Completion,https://www.eng.yale.edu/grablab/pubs/bullock_icorr2011.pdf;https://oakink.net/v2/,同类参考；尚无该扩展动作的逐项演示,布片对折。在固定工作区内记录接近、接触、执行和结束四个阶段。,记录变形前后关键点、目标形状、接触次序；不得仅用刚体位姿判定成功。
D03,毛巾卷起,Towel rolling,deform,extension,P29;P21,cloth,本库采集方案扩展；来源提供分解框架或相近任务,Classifying Human Manipulation Behavior;OakInk 2: A Dataset of Bimanual Hands-Object Manipulation in Complex Task Completion,https://www.eng.yale.edu/grablab/pubs/bullock_icorr2011.pdf;https://oakink.net/v2/,同类参考；尚无该扩展动作的逐项演示,毛巾卷起。在固定工作区内记录接近、接触、执行和结束四个阶段。,记录变形前后关键点、目标形状、接触次序；不得仅用刚体位姿判定成功。
D04,布片角点拾取,Cloth corner pickup,deform,extension,P12;P29,cloth,本库采集方案扩展；来源提供分解框架或相近任务,Classifying Human Manipulation Behavior;OakInk 2: A Dataset of Bimanual Hands-Object Manipulation in Complex Task Completion,https://www.eng.yale.edu/grablab/pubs/bullock_icorr2011.pdf;https://oakink.net/v2/,同类参考；尚无该扩展动作的逐项演示,布片角点拾取。在固定工作区内记录接近、接触、执行和结束四个阶段。,记录变形前后关键点、目标形状、接触次序；不得仅用刚体位姿判定成功。
D05,绳索牵引,Rope pulling,deform,extension,P24;P29,rope,本库采集方案扩展；来源提供分解框架或相近任务,Classifying Human Manipulation Behavior;OakInk 2: A Dataset of Bimanual Hands-Object Manipulation in Complex Task Completion,https://www.eng.yale.edu/grablab/pubs/bullock_icorr2011.pdf;https://oakink.net/v2/,同类参考；尚无该扩展动作的逐项演示,绳索牵引。在固定工作区内记录接近、接触、执行和结束四个阶段。,记录变形前后关键点、目标形状、接触次序；不得仅用刚体位姿判定成功。
D06,绳索穿孔,Rope threading,deform,extension,P17;P29,rope;peg,本库采集方案扩展；来源提供分解框架或相近任务,Classifying Human Manipulation Behavior;OakInk 2: A Dataset of Bimanual Hands-Object Manipulation in Complex Task Completion,https://www.eng.yale.edu/grablab/pubs/bullock_icorr2011.pdf;https://oakink.net/v2/,同类参考；尚无该扩展动作的逐项演示,绳索穿孔。在固定工作区内记录接近、接触、执行和结束四个阶段。,记录变形前后关键点、目标形状、接触次序；不得仅用刚体位姿判定成功。
D07,粗绳简单打结,Simple knot tying,deform,extension,P27;P29,rope,本库采集方案扩展；来源提供分解框架或相近任务,Classifying Human Manipulation Behavior;OakInk 2: A Dataset of Bimanual Hands-Object Manipulation in Complex Task Completion,https://www.eng.yale.edu/grablab/pubs/bullock_icorr2011.pdf;https://oakink.net/v2/,同类参考；尚无该扩展动作的逐项演示,粗绳简单打结。在固定工作区内记录接近、接触、执行和结束四个阶段。,记录变形前后关键点、目标形状、接触次序；不得仅用刚体位姿判定成功。
D08,粗绳解结,Knot untying,deform,extension,P27;P29,rope,本库采集方案扩展；来源提供分解框架或相近任务,Classifying Human Manipulation Behavior;OakInk 2: A Dataset of Bimanual Hands-Object Manipulation in Complex Task Completion,https://www.eng.yale.edu/grablab/pubs/bullock_icorr2011.pdf;https://oakink.net/v2/,同类参考；尚无该扩展动作的逐项演示,粗绳解结。在固定工作区内记录接近、接触、执行和结束四个阶段。,记录变形前后关键点、目标形状、接触次序；不得仅用刚体位姿判定成功。
D09,海绵挤压释放,Sponge squeeze-release,deform,extension,P14;P29;P31,sponge,本库采集方案扩展；来源提供分解框架或相近任务,Classifying Human Manipulation Behavior;OakInk 2: A Dataset of Bimanual Hands-Object Manipulation in Complex Task Completion,https://www.eng.yale.edu/grablab/pubs/bullock_icorr2011.pdf;https://oakink.net/v2/,同类参考；尚无该扩展动作的逐项演示,海绵挤压释放。在固定工作区内记录接近、接触、执行和结束四个阶段。,记录变形前后关键点、目标形状、接触次序；不得仅用刚体位姿判定成功。
D10,软球局部按压,Local soft-ball press,deform,extension,P23;P29,sponge,本库采集方案扩展；来源提供分解框架或相近任务,Classifying Human Manipulation Behavior;OakInk 2: A Dataset of Bimanual Hands-Object Manipulation in Complex Task Completion,https://www.eng.yale.edu/grablab/pubs/bullock_icorr2011.pdf;https://oakink.net/v2/,同类参考；尚无该扩展动作的逐项演示,软球局部按压。在固定工作区内记录接近、接触、执行和结束四个阶段。,记录变形前后关键点、目标形状、接触次序；不得仅用刚体位姿判定成功。
D11,弹性圈小幅拉伸,Elastic ring stretch,deform,extension,P24;P29,elastic,本库采集方案扩展；来源提供分解框架或相近任务,Classifying Human Manipulation Behavior;OakInk 2: A Dataset of Bimanual Hands-Object Manipulation in Complex Task Completion,https://www.eng.yale.edu/grablab/pubs/bullock_icorr2011.pdf;https://oakink.net/v2/,同类参考；尚无该扩展动作的逐项演示,弹性圈小幅拉伸。在固定工作区内记录接近、接触、执行和结束四个阶段。,记录变形前后关键点、目标形状、接触次序；不得仅用刚体位姿判定成功。
D12,弹性圈套杆,Elastic ring placement,deform,extension,P17;P29,elastic;ring,本库采集方案扩展；来源提供分解框架或相近任务,Classifying Human Manipulation Behavior;OakInk 2: A Dataset of Bimanual Hands-Object Manipulation in Complex Task Completion,https://www.eng.yale.edu/grablab/pubs/bullock_icorr2011.pdf;https://oakink.net/v2/,同类参考；尚无该扩展动作的逐项演示,弹性圈套杆。在固定工作区内记录接近、接触、执行和结束四个阶段。,记录变形前后关键点、目标形状、接触次序；不得仅用刚体位姿判定成功。
D13,纸张折痕按压,Paper creasing,deform,extension,P23;P29,paper,本库采集方案扩展；来源提供分解框架或相近任务,Classifying Human Manipulation Behavior;OakInk 2: A Dataset of Bimanual Hands-Object Manipulation in Complex Task Completion,https://www.eng.yale.edu/grablab/pubs/bullock_icorr2011.pdf;https://oakink.net/v2/,同类参考；尚无该扩展动作的逐项演示,纸张折痕按压。在固定工作区内记录接近、接触、执行和结束四个阶段。,记录变形前后关键点、目标形状、接触次序；不得仅用刚体位姿判定成功。
D14,纸张受控撕开,Paper tearing,deform,extension,P24;P29,paper,本库采集方案扩展；来源提供分解框架或相近任务,Classifying Human Manipulation Behavior;OakInk 2: A Dataset of Bimanual Hands-Object Manipulation in Complex Task Completion,https://www.eng.yale.edu/grablab/pubs/bullock_icorr2011.pdf;https://oakink.net/v2/,同类参考；尚无该扩展动作的逐项演示,纸张受控撕开。在固定工作区内记录接近、接触、执行和结束四个阶段。,记录变形前后关键点、目标形状、接触次序；不得仅用刚体位姿判定成功。
D15,密封袋逐段捏封,Bag sealing,deform,extension,P11;P23,bag,本库采集方案扩展；来源提供分解框架或相近任务,Classifying Human Manipulation Behavior;OakInk 2: A Dataset of Bimanual Hands-Object Manipulation in Complex Task Completion,https://www.eng.yale.edu/grablab/pubs/bullock_icorr2011.pdf;https://oakink.net/v2/,同类参考；尚无该扩展动作的逐项演示,密封袋逐段捏封。在固定工作区内记录接近、接触、执行和结束四个阶段。,记录变形前后关键点、目标形状、接触次序；不得仅用刚体位姿判定成功。
D16,黏土搓条,Clay rolling,deform,extension,P21;P29,clay,本库采集方案扩展；来源提供分解框架或相近任务,Classifying Human Manipulation Behavior;OakInk 2: A Dataset of Bimanual Hands-Object Manipulation in Complex Task Completion,https://www.eng.yale.edu/grablab/pubs/bullock_icorr2011.pdf;https://oakink.net/v2/,同类参考；尚无该扩展动作的逐项演示,黏土搓条。在固定工作区内记录接近、接触、执行和结束四个阶段。,记录变形前后关键点、目标形状、接触次序；不得仅用刚体位姿判定成功。
D17,黏土压扁,Clay flattening,deform,extension,P23;P29,clay,本库采集方案扩展；来源提供分解框架或相近任务,Classifying Human Manipulation Behavior;OakInk 2: A Dataset of Bimanual Hands-Object Manipulation in Complex Task Completion,https://www.eng.yale.edu/grablab/pubs/bullock_icorr2011.pdf;https://oakink.net/v2/,同类参考；尚无该扩展动作的逐项演示,黏土压扁。在固定工作区内记录接近、接触、执行和结束四个阶段。,记录变形前后关键点、目标形状、接触次序；不得仅用刚体位姿判定成功。
D18,薄膜边缘分离,Film separation,deform,extension,P12;P24,bag,本库采集方案扩展；来源提供分解框架或相近任务,Classifying Human Manipulation Behavior;OakInk 2: A Dataset of Bimanual Hands-Object Manipulation in Complex Task Completion,https://www.eng.yale.edu/grablab/pubs/bullock_icorr2011.pdf;https://oakink.net/v2/,同类参考；尚无该扩展动作的逐项演示,薄膜边缘分离。在固定工作区内记录接近、接触、执行和结束四个阶段。,记录变形前后关键点、目标形状、接触次序；不得仅用刚体位姿判定成功。
C01,恒定姿态轻握—较紧握,Force level change,contact,extension,P10;P31,sphere;sensor,本库采集方案扩展；来源提供分解框架或相近任务,DexUMI: Using Human Hand as the Universal Manipulation Interface for Dexterous Manipulation;Classifying Human Manipulation Behavior,https://dex-umi.github.io/;https://www.eng.yale.edu/grablab/pubs/bullock_icorr2011.pdf,同类参考；尚无该扩展动作的逐项演示,恒定姿态轻握—较紧握。在固定工作区内记录接近、接触、执行和结束四个阶段。,力级任务必须有经标定的力 / 触觉记录；视频和 EMG 本身不能直接证明接触力达标。
C02,法向力缓慢增加,Normal-force ramp,contact,extension,P23;P31,sensor,本库采集方案扩展；来源提供分解框架或相近任务,DexUMI: Using Human Hand as the Universal Manipulation Interface for Dexterous Manipulation;Classifying Human Manipulation Behavior,https://dex-umi.github.io/;https://www.eng.yale.edu/grablab/pubs/bullock_icorr2011.pdf,同类参考；尚无该扩展动作的逐项演示,法向力缓慢增加。在固定工作区内记录接近、接触、执行和结束四个阶段。,力级任务必须有经标定的力 / 触觉记录；视频和 EMG 本身不能直接证明接触力达标。
C03,保持接触的切向滑动,Tangential surface slide,contact,extension,P22;P32,surface;sensor,本库采集方案扩展；来源提供分解框架或相近任务,DexUMI: Using Human Hand as the Universal Manipulation Interface for Dexterous Manipulation;Classifying Human Manipulation Behavior,https://dex-umi.github.io/;https://www.eng.yale.edu/grablab/pubs/bullock_icorr2011.pdf,同类参考；尚无该扩展动作的逐项演示,保持接触的切向滑动。在固定工作区内记录接近、接触、执行和结束四个阶段。,力级任务必须有经标定的力 / 触觉记录；视频和 EMG 本身不能直接证明接触力达标。
C04,指腹扫描粗糙表面,Texture scanning,contact,extension,P22;P32,surface;sensor,本库采集方案扩展；来源提供分解框架或相近任务,DexUMI: Using Human Hand as the Universal Manipulation Interface for Dexterous Manipulation;Classifying Human Manipulation Behavior,https://dex-umi.github.io/;https://www.eng.yale.edu/grablab/pubs/bullock_icorr2011.pdf,同类参考；尚无该扩展动作的逐项演示,指腹扫描粗糙表面。在固定工作区内记录接近、接触、执行和结束四个阶段。,力级任务必须有经标定的力 / 触觉记录；视频和 EMG 本身不能直接证明接触力达标。
C05,静态握持抗小扰动,Hold under small disturbance,contact,extension,P10;P31,sphere;sensor,本库采集方案扩展；来源提供分解框架或相近任务,DexUMI: Using Human Hand as the Universal Manipulation Interface for Dexterous Manipulation;Classifying Human Manipulation Behavior,https://dex-umi.github.io/;https://www.eng.yale.edu/grablab/pubs/bullock_icorr2011.pdf,同类参考；尚无该扩展动作的逐项演示,静态握持抗小扰动。在固定工作区内记录接近、接触、执行和结束四个阶段。,力级任务必须有经标定的力 / 触觉记录；视频和 EMG 本身不能直接证明接触力达标。
C06,不同摩擦表面持握,Friction-conditioned holding,contact,extension,P10;P31,cylinder;surface,本库采集方案扩展；来源提供分解框架或相近任务,DexUMI: Using Human Hand as the Universal Manipulation Interface for Dexterous Manipulation;Classifying Human Manipulation Behavior,https://dex-umi.github.io/;https://www.eng.yale.edu/grablab/pubs/bullock_icorr2011.pdf,同类参考；尚无该扩展动作的逐项演示,不同摩擦表面持握。在固定工作区内记录接近、接触、执行和结束四个阶段。,力级任务必须有经标定的力 / 触觉记录；视频和 EMG 本身不能直接证明接触力达标。
C07,低质量与高质量持握,Load-conditioned holding,contact,extension,P10;P31,bottle;weight;sensor,本库采集方案扩展；来源提供分解框架或相近任务,DexUMI: Using Human Hand as the Universal Manipulation Interface for Dexterous Manipulation;Classifying Human Manipulation Behavior,https://dex-umi.github.io/;https://www.eng.yale.edu/grablab/pubs/bullock_icorr2011.pdf,同类参考；尚无该扩展动作的逐项演示,低质量与高质量持握。在固定工作区内记录接近、接触、执行和结束四个阶段。,力级任务必须有经标定的力 / 触觉记录；视频和 EMG 本身不能直接证明接触力达标。
C08,先接触后闭合,Contact-before-close,contact,extension,P09;P11,salt;sensor,本库采集方案扩展；来源提供分解框架或相近任务,DexUMI: Using Human Hand as the Universal Manipulation Interface for Dexterous Manipulation;Classifying Human Manipulation Behavior,https://dex-umi.github.io/;https://www.eng.yale.edu/grablab/pubs/bullock_icorr2011.pdf,同类参考；尚无该扩展动作的逐项演示,先接触后闭合。在固定工作区内记录接近、接触、执行和结束四个阶段。,力级任务必须有经标定的力 / 触觉记录；视频和 EMG 本身不能直接证明接触力达标。
C09,只用活动指按压,Active-digit isolation,contact,extension,P10;P23,button;sensor,本库采集方案扩展；来源提供分解框架或相近任务,DexUMI: Using Human Hand as the Universal Manipulation Interface for Dexterous Manipulation;Classifying Human Manipulation Behavior,https://dex-umi.github.io/;https://www.eng.yale.edu/grablab/pubs/bullock_icorr2011.pdf,同类参考；尚无该扩展动作的逐项演示,只用活动指按压。在固定工作区内记录接近、接触、执行和结束四个阶段。,力级任务必须有经标定的力 / 触觉记录；视频和 EMG 本身不能直接证明接触力达标。
C10,指腹滚动接触追踪,Contact-patch rolling,contact,extension,P21;P32,sphere;sensor,本库采集方案扩展；来源提供分解框架或相近任务,DexUMI: Using Human Hand as the Universal Manipulation Interface for Dexterous Manipulation;Classifying Human Manipulation Behavior,https://dex-umi.github.io/;https://www.eng.yale.edu/grablab/pubs/bullock_icorr2011.pdf,同类参考；尚无该扩展动作的逐项演示,指腹滚动接触追踪。在固定工作区内记录接近、接触、执行和结束四个阶段。,力级任务必须有经标定的力 / 触觉记录；视频和 EMG 本身不能直接证明接触力达标。
C11,短时滑移后重新夹紧,Slip-and-recover,contact,extension,P22;P31,cylinder;sensor,本库采集方案扩展；来源提供分解框架或相近任务,DexUMI: Using Human Hand as the Universal Manipulation Interface for Dexterous Manipulation;Classifying Human Manipulation Behavior,https://dex-umi.github.io/;https://www.eng.yale.edu/grablab/pubs/bullock_icorr2011.pdf,同类参考；尚无该扩展动作的逐项演示,短时滑移后重新夹紧。在固定工作区内记录接近、接触、执行和结束四个阶段。,力级任务必须有经标定的力 / 触觉记录；视频和 EMG 本身不能直接证明接触力达标。
C12,受控缓慢卸载,Controlled unloading,contact,extension,P15;P31,sensor,本库采集方案扩展；来源提供分解框架或相近任务,DexUMI: Using Human Hand as the Universal Manipulation Interface for Dexterous Manipulation;Classifying Human Manipulation Behavior,https://dex-umi.github.io/;https://www.eng.yale.edu/grablab/pubs/bullock_icorr2011.pdf,同类参考；尚无该扩展动作的逐项演示,受控缓慢卸载。在固定工作区内记录接近、接触、执行和结束四个阶段。,力级任务必须有经标定的力 / 触觉记录；视频和 EMG 本身不能直接证明接触力达标。
